Старый путь;Новый путь;Байт;SHA256
moko/batch02/assets/json.png;MOKO/99_Технические_материалы/Рабочий_код_и_данные/moko/batch02/assets/json.png;1021244;2e9e0690b44b2dd60b602281709a6fade0260237b0d76c788c42890da2810cdb
moko/batch02/assets/python_setup.png;MOKO/99_Технические_материалы/Рабочий_код_и_данные/moko/batch02/assets/python_setup.png;1297575;63983c2991761959f95980218550eb22af04530fc46d3eb8c7b3362ba585db95
moko/batch02/assets/report.png;MOKO/99_Технические_материалы/Рабочий_код_и_данные/moko/batch02/assets/report.png;1359610;59dd1f1ed20db69fd1ce209e5d063c79dd095d24ebcb693898085a4ef2d6c0ef
moko/batch02/assets/tree.png;MOKO/99_Технические_материалы/Рабочий_код_и_данные/moko/batch02/assets/tree.png;1076392;43ae25231825559505b937defbadcbdfc5f1b2dbb89cd6aec4d73158ac0a6f01
moko/batch02/batch02_preview.jpg;MOKO/01_YouTube/90_Архив_этапов/08_Партия_02/batch02_preview.jpg;428454;b91a72f1369af05e99921a8db4cb5124163083ba800b68e678e45525c9be9fcf
moko/batch02/new_items.json;MOKO/99_Технические_материалы/Рабочий_код_и_данные/moko/batch02/new_items.json;986;2c75383dfeac82ce1b1271f582db0d165e6bcf2641d5d81fd2e2b7418d2427a0
moko/batch02/render.py;MOKO/99_Технические_материалы/Рабочий_код_и_данные/moko/batch02/render.py;4706;3c6fb644e8d9b8ec0e3dd5b965b50a1198997e1685fa8ca4ebae254e564ec291
moko/batch03/9QniN5XarQo.png;MOKO/01_YouTube/90_Архив_этапов/09_Партия_03/9QniN5XarQo.png;300721;b13ae3fa416aa800a40bc67a551b7589e2c00499b28182a7fe3f41467dff4f14
moko/batch03/S3gTxhKKBOs.png;MOKO/01_YouTube/90_Архив_этапов/09_Партия_03/S3gTxhKKBOs.png;289971;d0e135ca19d660f8b2b910a1e27e1314a2028842e0110d59f3bb7b66c27a7f90
moko/batch03/assets/dialog.png;MOKO/99_Технические_материалы/Рабочий_код_и_данные/moko/batch03/assets/dialog.png;1061858;40c561b5bd6aa63f3d5da4b3246b370f6d48c99639439b280df8e4c5d8d0ff27
moko/batch03/assets/exchange.png;MOKO/99_Технические_материалы/Рабочий_код_и_данные/moko/batch03/assets/exchange.png;958926;95f8fb4c9d690a3d0a12f6b5653b739b37b20ccc385719de37ec7108f307a1a7
moko/batch03/assets/folders.png;MOKO/99_Технические_материалы/Рабочий_код_и_данные/moko/batch03/assets/folders.png;1180135;3954abae012e37bd117a42e232b1291a82783a40b8e878acd3850236147da70e
moko/batch03/assets/project.png;MOKO/99_Технические_материалы/Рабочий_код_и_данные/moko/batch03/assets/project.png;1150660;24951e17583629f315d7656e4f10f129d02294a0714d8eea64a17671a2949914
moko/batch03/assets/run.png;MOKO/99_Технические_материалы/Рабочий_код_и_данные/moko/batch03/assets/run.png;1167737;9677bb94edc4ffa7e5031d50c98b08ee76befa868f8b9ecc864367d151500ffb
moko/batch03/batch03_preview.jpg;MOKO/01_YouTube/90_Архив_этапов/09_Партия_03/batch03_preview.jpg;403707;26ace47d1051bc3bf07824f1c4b8a838ff077170d19b165d3d244d012cb006af
moko/batch03/koGtgs5iNfk.png;MOKO/01_YouTube/90_Архив_этапов/09_Партия_03/koGtgs5iNfk.png;48445;958307959efc9f9a16e101b35816c20ac0f7d06c24a25303e5fc9e8f48798410
moko/batch03/new_items.json;MOKO/99_Технические_материалы/Рабочий_код_и_данные/moko/batch03/new_items.json;2676;aa95f28698cacc843d53a5d90fee4aeddb75535b4f30db456613d90ce53deccc
moko/batch03/pzxfkmvQW2U.png;MOKO/01_YouTube/90_Архив_этапов/09_Партия_03/pzxfkmvQW2U.png;318168;fd799648245e5c4afc4f96c3d2bb64c60c639e9531fb7b1c1292129b595314d9
moko/batch03/render.py;MOKO/99_Технические_материалы/Рабочий_код_и_данные/moko/batch03/render.py;5573;4c05ba3840e48b33aa78df76598702b80a3f48554c012ef5e38cebee02bd6fa9
moko/batch03/research/9QniN5XarQo.json;MOKO/99_Технические_материалы/Рабочий_код_и_данные/moko/batch03/research/9QniN5XarQo.json;2105;f21e05595f40e55bd6fc36287db2616fe287ddc5f16bcece78ceca6c9978d63b
moko/batch03/research/S3gTxhKKBOs.json;MOKO/99_Технические_материалы/Рабочий_код_и_данные/moko/batch03/research/S3gTxhKKBOs.json;2275;c573c1186cc7f2677dd5d1ab8125f48ef03818ae0f05706dcb2348938787975a
moko/batch03/research/descriptions.json;MOKO/99_Технические_материалы/Рабочий_код_и_данные/moko/batch03/research/descriptions.json;12502;a8899f7f436a3c9862761595c74d0beddefab4348f2f9e94a1bb73c54e7f41aa
moko/batch03/research/fetch_descriptions.py;MOKO/99_Технические_материалы/Рабочий_код_и_данные/moko/batch03/research/fetch_descriptions.py;1361;94958bdb102bca5a2ddd6466751b5fb9fc80d66f8ce38775cfd4e819a3c9a148
moko/batch03/research/koGtgs5iNfk.json;MOKO/99_Технические_материалы/Рабочий_код_и_данные/moko/batch03/research/koGtgs5iNfk.json;1757;c0b7e66209f448598c5a9e83a9ce6778ac81289d7c21ca80548281204564c086
moko/batch03/research/pzxfkmvQW2U.json;MOKO/99_Технические_материалы/Рабочий_код_и_данные/moko/batch03/research/pzxfkmvQW2U.json;1917;b482fe7afc23f2be947da2d47cf54330ad94c8bf9f2b42225703aba873614d28
moko/batch03/research/review_notes.md;MOKO/99_Технические_материалы/Рабочий_код_и_данные/moko/batch03/research/review_notes.md;2124;4c0d095abb154e03aa269839bc5ce22ca0989c048d13d305883299ee8cfe8bb2
moko/batch03/research/tgIy0Ra-mn0.json;MOKO/99_Технические_материалы/Рабочий_код_и_данные/moko/batch03/research/tgIy0Ra-mn0.json;1987;ff4be8a69ac63c7dd59734105674c41d5670b0c640e91d76c129a483b12d9deb
moko/batch03/research/w9YARQn9SFs.json;MOKO/99_Технические_материалы/Рабочий_код_и_данные/moko/batch03/research/w9YARQn9SFs.json;2279;157ba8778a6dc4a42b1078092c99e576871b91a644bead9db53bd382b0f9116e
moko/batch03/tgIy0Ra-mn0.png;MOKO/01_YouTube/90_Архив_этапов/09_Партия_03/tgIy0Ra-mn0.png;341396;b5b3bc2a317c5e05e4d788dffd6f859f9ff15b0706ee9c3464f28c4255adc6ec
moko/batch03/update_registry.py;MOKO/99_Технические_материалы/Рабочий_код_и_данные/moko/batch03/update_registry.py;8357;514c71ba305fb945f73f33d732237fd5b8fe5545971ba8e6251ab147b49972a6
moko/batch03/w9YARQn9SFs.png;MOKO/01_YouTube/90_Архив_этапов/09_Партия_03/w9YARQn9SFs.png;300925;8462b40bc9b4cd4a67d4be60dd51a227db617fb939248a985d4e2fc993efafa2
moko/brand/Inter.ttf;MOKO/05_Бренд_MOKO/03_Шрифты/Inter.ttf;876576;29160a80ff49ddcab2c97711247e08b1fab27a484a329ce8b813d820dc559031
moko/brand/Jost.ttf;MOKO/05_Бренд_MOKO/03_Шрифты/Jost.ttf;134996;6343b70971000b04c5d401c96ae08ce371086135e999d5e1e1413039c0213076
moko/brand/logo.png;MOKO/05_Бренд_MOKO/01_Исходный_знак/logo.png;40347;d2a36f01918135684bafde5d9757822c154e01d8ae199ecb8c57ee8be3c3cfdb
moko/brand/logo.svg;MOKO/05_Бренд_MOKO/01_Исходный_знак/logo.svg;716;3a03bc3662229b7c4ffc4b17f1082263216fbbed4b9d335a1b1b9b700cf07e1a
moko/branded/01_graph_brand.jpg;MOKO/01_YouTube/90_Архив_этапов/03_Пример_брендирования/01_graph_brand.jpg;114562;c6243cb23cada7cebe101c49f436da4cb2e4298b1c873a53ec682e852d504552
moko/branded/graph_art.png;MOKO/01_YouTube/90_Архив_этапов/03_Пример_брендирования/graph_art.png;861755;36855893068fab661d6177d22b05cccdd5a768b79e0fef78720395bb2d7e5f2f
moko/branded/render.py;MOKO/99_Технические_материалы/Рабочий_код_и_данные/moko/branded/render.py;2442;e9d945aa78e84d1ff772eaa66cde663017da2b58db221a4d58b81ace3d4dcaae
moko/branded/style_comparison.jpg;MOKO/01_YouTube/90_Архив_этапов/03_Пример_брендирования/style_comparison.jpg;169918;13349a5b908941879580be10811e041ac661d1810c57d2183f5f7eb026bbd440
moko/branding/MOKO_Инструкция_по_оформлению.docx;MOKO/05_Бренд_MOKO/05_Базовый_комплект_оформления/MOKO_Инструкция_по_оформлению.docx;121266;d1321df1e1f59b6154302d4d04aa73987a3b2b91f7cf20fee5a136c5fc106959
moko/branding/MOKO_Логотип_и_баннеры_v01.zip;MOKO/05_Бренд_MOKO/05_Базовый_комплект_оформления/MOKO_Логотип_и_баннеры_v01.zip;3096660;4c682b72b80232bf0c0f7f65eca2d0c74d1ef64d965ac6ac5a9db500b7b556a2
moko/branding/MOKO_Оформление_каналов.html;MOKO/05_Бренд_MOKO/05_Базовый_комплект_оформления/MOKO_Оформление_каналов.html;1957535;da4f0c591ed03bc3fb18701095a08b590cfffaec1549f16ebf6704e09c61ae27
moko/branding/README.txt;MOKO/05_Бренд_MOKO/05_Базовый_комплект_оформления/README.txt;8477;961c93e38cbc4c962d9ff8a2a7e9200d846df1e0512f2c5ba182345dd876b25a
moko/branding/avatars/avatar_primary.png;MOKO/05_Бренд_MOKO/04_Общие_аватары_YouTube_VK/avatar_primary.png;51015;2c038e145bdc4412a69bde393f5eb2b40f9cf5f395b763cd078d9bf59c06d56c
moko/branding/avatars/avatar_primary.svg;MOKO/05_Бренд_MOKO/04_Общие_аватары_YouTube_VK/avatar_primary.svg;1081;6d023f37281cbea9a183985ec6f5a4a03dfa969f2b49b38065e744027f1dd227
moko/branding/avatars/avatar_with_name.png;MOKO/05_Бренд_MOKO/04_Общие_аватары_YouTube_VK/avatar_with_name.png;59818;2bec3530c2ca05db90b5a3a5a22faa4548ac97e48c65228e6fc31e415a59deb4
moko/branding/avatars/avatar_with_name.svg;MOKO/05_Бренд_MOKO/04_Общие_аватары_YouTube_VK/avatar_with_name.svg;3035;ab90e1b11f445a3314fc96150e2a47403ff696c73a5fbbae870afa45b92d8135
moko/branding/guides/youtube_desktop_crop.png;MOKO/01_YouTube/02_Оформление_канала/Проверка_обрезки_НЕ_загружать/youtube_desktop_crop.png;82387;b946c1c207564b9adb207933a4356648d014b9c33ea1e99e98048ed150275d31
moko/branding/guides/youtube_mobile_crop.png;MOKO/01_YouTube/02_Оформление_канала/Проверка_обрезки_НЕ_загружать/youtube_mobile_crop.png;61514;fa2c6d615e5b3e5d98c1370e969e2686610d4d9049bdb54f31a7824ea31a11d7
moko/branding/guides/youtube_safe_area.jpg;MOKO/01_YouTube/02_Оформление_канала/Проверка_обрезки_НЕ_загружать/youtube_safe_area.jpg;255950;919a87fcb45e5e00cdd4a7040bcdce3e428b91f414d50bbd7dc9cfb9d4d34951
moko/branding/logo/moko_compact_on_dark.png;MOKO/05_Бренд_MOKO/02_Логотипы/moko_compact_on_dark.png;34613;e3c26b192fcf370a4a9a7d078d71787810fc6d7458c4a612328a12f58d8c6611
moko/branding/logo/moko_compact_on_dark.svg;MOKO/05_Бренд_MOKO/02_Логотипы/moko_compact_on_dark.svg;7263;453f1c30bb1160f8d052a41a8ec02297b84e052022decdeaf2d8b51c5a20b503
moko/branding/logo/moko_lockup_on_dark.png;MOKO/05_Бренд_MOKO/02_Логотипы/moko_lockup_on_dark.png;30146;5c30300cdbd1e27342f43848c57e2eac1a31f7a10e48b224dc91055e88225f1f
moko/branding/logo/moko_lockup_on_dark.svg;MOKO/05_Бренд_MOKO/02_Логотипы/moko_lockup_on_dark.svg;6768;03fe503de218219c17f380a8f6dfa2455775f843d518fae6c559cc93622fa618
moko/branding/logo/moko_lockup_on_light.png;MOKO/05_Бренд_MOKO/02_Логотипы/moko_lockup_on_light.png;30857;175a45b8d683b3658b1c405f1df2ccf659c8a73f4286c510985ace8b41b1a58f
moko/branding/logo/moko_lockup_on_light.svg;MOKO/05_Бренд_MOKO/02_Логотипы/moko_lockup_on_light.svg;6768;5cbbd2c1aaf43de27f6fb8dafec75b0f2a7f37a9aae3c2cbd98969cf772e635c
moko/branding/logo/moko_lockup_white.png;MOKO/05_Бренд_MOKO/02_Логотипы/moko_lockup_white.png;21419;d4eabac16e6df584ba704bbba5c100f7f36a4f0bb104eea0e06f49fa3840d775
moko/branding/logo/moko_lockup_white.svg;MOKO/05_Бренд_MOKO/02_Логотипы/moko_lockup_white.svg;6596;1b81548541582e0ecc23550ad12df0fde2b59bb094c8374cc2054ce13262d74d
moko/branding/logo/moko_symbol_original.svg;MOKO/05_Бренд_MOKO/02_Логотипы/moko_symbol_original.svg;716;3a03bc3662229b7c4ffc4b17f1082263216fbbed4b9d335a1b1b9b700cf07e1a
moko/branding/source/QA.json;MOKO/99_Технические_материалы/Рабочий_код_и_данные/moko/branding/source/QA.json;5843;dac9e8be0a0cf5399a6a1a6142c1be108ec311c7902fd8becfc79721f6bb64b3
moko/branding/source/build.py;MOKO/99_Технические_материалы/Рабочий_код_и_данные/moko/branding/source/build.py;12447;581dc909f78af9915506ade89f4feb8dd7233ac2770cdeaf113c83e5716c7bce
moko/branding/source/gallery_records.json;MOKO/99_Технические_материалы/Рабочий_код_и_данные/moko/branding/source/gallery_records.json;6823;15152a21daa5e571564997d7260dfcce05b4aae0ad56134c65c16f1be1efc409
moko/branding/source/manifest.json;MOKO/99_Технические_материалы/Рабочий_код_и_данные/moko/branding/source/manifest.json;2665;02775ed5add1a248226e3f30d30f9f97cebf8cff819348548bc576f91bf4fcce
moko/branding/source/package.py;MOKO/99_Технические_материалы/Рабочий_код_и_данные/moko/branding/source/package.py;27167;1975c5d7a0e50ffa14efcb203224dc0f1d5d09ae05c2b69266e8c3b7c79d4e95
moko/branding/streams/stream_end.jpg;MOKO/01_YouTube/03_Заставки_для_эфиров/stream_end.jpg;136040;4520616f9d8c64019df512d8296fd7380b66fb197e48d86b0917a5eae9198016
moko/branding/streams/stream_end.png;MOKO/01_YouTube/03_Заставки_для_эфиров/stream_end.png;80673;649e9f93e9a96a2485fc2ca9be7b19b7038fac7ebbe7f8a995509965acad1ea9
moko/branding/streams/stream_end.svg;MOKO/01_YouTube/03_Заставки_для_эфиров/stream_end.svg;44570;3fb59fc9e5e4a69d590d4984b59c543b7b8ee03599f835b802f46cf50dfcdcc7
moko/branding/streams/stream_pause.jpg;MOKO/01_YouTube/03_Заставки_для_эфиров/stream_pause.jpg;129087;7fdffc33cc53e905720373c163b6075fb83f69883fb72fb2c9b7e527e61381b2
moko/branding/streams/stream_pause.png;MOKO/01_YouTube/03_Заставки_для_эфиров/stream_pause.png;74291;4037b4df8fa84848d2fab0cef033884d6dac292e2a23208c0972d8b55d12ec0f
moko/branding/streams/stream_pause.svg;MOKO/01_YouTube/03_Заставки_для_эфиров/stream_pause.svg;40859;2cf9fe4eccb95e847f87dbd97da4f4de374dd77b1e3e40ced65ba685d9ba22a1
moko/branding/streams/stream_start.jpg;MOKO/01_YouTube/03_Заставки_для_эфиров/stream_start.jpg;134757;f01c1b1c727711a1dee720e422e36ca19ccfa9c1ceeefde1801843d96cf0ca5a
moko/branding/streams/stream_start.png;MOKO/01_YouTube/03_Заставки_для_эфиров/stream_start.png;78132;72d6802dc11748c1452dc4cf454995cf6ac9803e9c58cacaca8d0a73862c8458
moko/branding/streams/stream_start.svg;MOKO/01_YouTube/03_Заставки_для_эфиров/stream_start.svg;43452;caa7e0ad5ddf5e854929a6ef016995604f19be671ab39f055df59deecec6fa28
moko/branding/telegram/channel_wallpaper_optional.jpg;MOKO/02_Telegram/03_Баннер_закрепа_и_обои/channel_wallpaper_optional.jpg;59449;93d4199b0351490e4afcaabe1945fde1361e45fc442adbe7d156fa3f19d99479
moko/branding/telegram/channel_wallpaper_optional.png;MOKO/02_Telegram/03_Баннер_закрепа_и_обои/channel_wallpaper_optional.png;26285;6db9be0bec2e83c3c356c321a62d81fa3540bc237abcda971880e4d0e1b6f0a8
moko/branding/telegram/channel_wallpaper_optional.svg;MOKO/02_Telegram/03_Баннер_закрепа_и_обои/channel_wallpaper_optional.svg;1240;409aabbf0c690e9d038987cff0d76ba7d07b8fc825837d4f80b65c89009dfa66
moko/branding/telegram/pinned_post_banner.jpg;MOKO/02_Telegram/03_Баннер_закрепа_и_обои/pinned_post_banner.jpg;81567;f7e6bcdc41d0efd6b86f1d01f5febdf046bc09ee68c493f61e026b7157259898
moko/branding/telegram/pinned_post_banner.png;MOKO/02_Telegram/03_Баннер_закрепа_и_обои/pinned_post_banner.png;64936;3b92b81261cfb15bdd4103c7c51725de731ce14e474b328117656408409389fe
moko/branding/telegram/pinned_post_banner.svg;MOKO/02_Telegram/03_Баннер_закрепа_и_обои/pinned_post_banner.svg;64746;6a719e5be0ce8334398a3ebbc0e63cd2de41e82e47fa15609b7ceb8161fe4010
moko/branding/vk/community_cover.jpg;MOKO/04_VK/01_Обложки/community_cover.jpg;99498;2e506d088ec7107620ad9112eeda3041c53e1d8ba372b445fc5bd73de95ec673
moko/branding/vk/community_cover.png;MOKO/04_VK/01_Обложки/community_cover.png;69291;e9ad8e299e82384d28f92c02cd78de5338fd1ab54a431686cd6a96e6b9f8b779
moko/branding/vk/community_cover.svg;MOKO/04_VK/01_Обложки/community_cover.svg;33270;33550bfe5cd7000b709213bd798a674c945cf135d0b8217ee22c9d80a76bf707
moko/branding/vk/menu/01_python.png;MOKO/04_VK/02_Меню_8/01_python.png;6046;6ef34632f0bbc6ccbdb4a52c48a1dca8df3fe8bb82eeb93ce7f7512b47157f3e
moko/branding/vk/menu/01_python.svg;MOKO/04_VK/02_Меню_8/01_python.svg;6307;ddf4e8d9dbef0bb4c8beecc6327d4cc7d9f789d5a062a65543b8b37a94a3050e
moko/branding/vk/menu/02_labview.png;MOKO/04_VK/02_Меню_8/02_labview.png;4626;56b7f4fc3e9f82d84499bf99a254735c037e65cfc911a79fb0353e89ae52acf0
moko/branding/vk/menu/02_labview.svg;MOKO/04_VK/02_Меню_8/02_labview.svg;5841;a8684be83820ed664540f7e10ce4d6e6d46fa6036a145ad2d728f4e6a3075da5
moko/branding/vk/menu/03_mokose.png;MOKO/04_VK/02_Меню_8/03_mokose.png;6882;ae1222732b0467e226fc3497d193e06f973e8efa4a180cc4a5d92c3cf592f5e2
moko/branding/vk/menu/03_mokose.svg;MOKO/04_VK/02_Меню_8/03_mokose.svg;9993;bd99b404e2592d02d3c86502c973932facc67d238ae51a33e6c08b6f89610e31
moko/branding/vk/menu/04_testing.png;MOKO/04_VK/02_Меню_8/04_testing.png;6535;7c5c665917ec4b4b9ab59e2a88b4795a20131b0430fbf472dabc4c96f3cb0d37
moko/branding/vk/menu/04_testing.svg;MOKO/04_VK/02_Меню_8/04_testing.svg;8307;11fa7880258544e983409ef8ca414cc356e8f61ec848b82ea5155f03bd5a0f95
moko/branding/vk/menu/05_projects.png;MOKO/04_VK/02_Меню_8/05_projects.png;4188;39033c136f2e8a59ea2c7b5f58c4480d59bca1e19abb39718e2be0d367edef9d
moko/branding/vk/menu/05_projects.svg;MOKO/04_VK/02_Меню_8/05_projects.svg;5543;f669b1603c7478af80e0f1523d8b94a65d2b86ed08e05b6ad7738a394ba211a8
moko/branding/vk/menu/06_development.png;MOKO/04_VK/02_Меню_8/06_development.png;8000;992a036d5cd6bbce35ba968031cf7c9cdda1f24204c99beed1543c800fe47839
moko/branding/vk/menu/06_development.svg;MOKO/04_VK/02_Меню_8/06_development.svg;11044;9feac2a971c7dab02d7aad57abe6e06ac1daaf8ef14d2a463fdf5f4e8e43abf8
moko/branding/vk/menu/07_company.png;MOKO/04_VK/02_Меню_8/07_company.png;7234;ff391c6e416ac1e3d6cd1d3705963430e04f774711b68dcc49448f6515a1af1b
moko/branding/vk/menu/07_company.svg;MOKO/04_VK/02_Меню_8/07_company.svg;9983;c735c9af0e61f9dd5b6765fc255c0da3417e298a0bc3a5884b6799bf60c6e0c1
moko/branding/vk/menu/08_media.png;MOKO/04_VK/02_Меню_8/08_media.png;5313;878f962f92a0f9ff6d4a996397571d415bb4a8139cb646404be61c9e9b051895
moko/branding/vk/menu/08_media.svg;MOKO/04_VK/02_Меню_8/08_media.svg;5637;8b178b408e5dd060f451ba3e7927065d295b22e43214fea5d746c1cbc1ecbff2
moko/branding/vk/mobile_cover_static.jpg;MOKO/04_VK/01_Обложки/mobile_cover_static.jpg;128354;3c491880ef288ce819b1ebc99ffe3379e97b6106febdc7d0c1b0fa69f1f9aa65
moko/branding/vk/mobile_cover_static.png;MOKO/04_VK/01_Обложки/mobile_cover_static.png;80423;4247b5456e7102b662663cf8a07edb1e7f1d86673478b501aa68c136cc2e6d91
moko/branding/vk/mobile_cover_static.svg;MOKO/04_VK/01_Обложки/mobile_cover_static.svg;32986;2516dee5ba82b0ffa1b48c76af187a61e1585b5c9b9b7045ce9f7c6ace6ed7fa
moko/branding/youtube/channel_banner.jpg;MOKO/01_YouTube/02_Оформление_канала/channel_banner.jpg;189217;5f07762b00700359e94bc1e44c8cc87c8bf26cabdb01583fa0a0e1467f22c50e
moko/branding/youtube/channel_banner.png;MOKO/01_YouTube/02_Оформление_канала/channel_banner.png;109594;bc494bf80d998ec24b2a8dc2f7d48519ed471250b5dab0c0e01979dce86fd20d
moko/branding/youtube/channel_banner.svg;MOKO/01_YouTube/02_Оформление_канала/channel_banner.svg;44215;99955dd24b1960a75848b33730cfa4001668b65becb09b224cc45ad1d551afba
moko/branding/youtube/end_screen_background.jpg;MOKO/01_YouTube/02_Оформление_канала/end_screen_background.jpg;117488;2924da58c91533f734120dc24a92efbfc20f468d2aabdba106eff89d9c8c48ef
moko/branding/youtube/end_screen_background.png;MOKO/01_YouTube/02_Оформление_канала/end_screen_background.png;71223;d5cdea89b5693e232ea7e781db03737eee84923bc7576679b0a10d4a0b76401a
moko/branding/youtube/end_screen_background.svg;MOKO/01_YouTube/02_Оформление_канала/end_screen_background.svg;49496;a4095e5ddeb131b23b87752772bf6493a9bafea35bf514ab3480e26f30aa0eec
moko/branding/youtube/watermark_color.png;MOKO/01_YouTube/02_Оформление_канала/watermark_color.png;3947;6d9b18cea1d667ffb3878b59eec2b9af3fcb5fec34d44d73c25250dbbb976fab
moko/branding/youtube/watermark_color.svg;MOKO/01_YouTube/02_Оформление_канала/watermark_color.svg;866;c83e2bfda8bc39fd3ee05e49b659763d0cdd461a8cdedf193855b8e1674d3e09
moko/branding/youtube/watermark_white.png;MOKO/01_YouTube/02_Оформление_канала/watermark_white.png;2496;bd2c635d77233524f150d3598ddb57c193a04d3945647df007630a321c9362e4
moko/branding/youtube/watermark_white.svg;MOKO/01_YouTube/02_Оформление_канала/watermark_white.svg;762;c86c2dc2f202e5e8fddc6890c8ecf2b996823f19dd3051e86c6c13dd662d7128
moko/browser_setup.log;MOKO/99_Технические_материалы/Рабочий_код_и_данные/moko/browser_setup.log;14481;c351467f0f6e360b7be50aab4a5f38df152a72fd059e0b9e92ad828b3963845f
moko/catalog/PLZy-Ivj5yDjUEQW9XMY2Sp9wX2jhcGsT_.json;MOKO/99_Технические_материалы/Рабочий_код_и_данные/moko/catalog/PLZy-Ivj5yDjUEQW9XMY2Sp9wX2jhcGsT_.json;30831;9710b6debca9b011a722991b736fd8e4261fad58c9c9d48d8f87dbaa596f8d9a
moko/catalog/PLZy-Ivj5yDjUgXNzAjKO8YH_qu6dYvjx3.json;MOKO/99_Технические_материалы/Рабочий_код_и_данные/moko/catalog/PLZy-Ivj5yDjUgXNzAjKO8YH_qu6dYvjx3.json;4590;df1488671fccd3547e934e2884827df7688b179891d7d27ebe4e1081f6547549
moko/catalog/PLZy-Ivj5yDjUwflBs40zzghlKmqYL6hjb.json;MOKO/99_Технические_материалы/Рабочий_код_и_данные/moko/catalog/PLZy-Ivj5yDjUwflBs40zzghlKmqYL6hjb.json;9729;6d1b3f20fe3a5b8488bfabd0d793b689907a752f486375a997a08520c4be8eea
moko/catalog/PLZy-Ivj5yDjVy-DIGJ7fkagQLijGRjSUf.json;MOKO/99_Технические_материалы/Рабочий_код_и_данные/moko/catalog/PLZy-Ivj5yDjVy-DIGJ7fkagQLijGRjSUf.json;20603;468d8371f1061375f839846ebe3e80f0d9e3c580c928cee94508471cc9c2df7c
moko/catalog/PLZy-Ivj5yDjWt4NMAPCkwQeuCg9sEM8h4.json;MOKO/99_Технические_материалы/Рабочий_код_и_данные/moko/catalog/PLZy-Ivj5yDjWt4NMAPCkwQeuCg9sEM8h4.json;30724;5652688339afb14ee6e7db920dfe6f8a00b397be03add806cb044abba191199d
moko/catalog/PLZy-Ivj5yDjWwgmKvHlhTdvXDKSYsv-8b.json;MOKO/99_Технические_материалы/Рабочий_код_и_данные/moko/catalog/PLZy-Ivj5yDjWwgmKvHlhTdvXDKSYsv-8b.json;38326;29a603373de8f251186be120402da9f2ddb0dbffdab3cb3810ddee5b473e902c
moko/catalog/PLZy-Ivj5yDjXQzgG0RZd2DF11BKzMK2t4.json;MOKO/99_Технические_материалы/Рабочий_код_и_данные/moko/catalog/PLZy-Ivj5yDjXQzgG0RZd2DF11BKzMK2t4.json;19186;5b25d488243b9e18ef9c8a26ac3aa606287dfbc83449f59e9a8b18574e570260
moko/catalog/PLZy-Ivj5yDjXl60MMNyGLFmqA--crCm7Y.json;MOKO/99_Технические_материалы/Рабочий_код_и_данные/moko/catalog/PLZy-Ivj5yDjXl60MMNyGLFmqA--crCm7Y.json;16752;d90f0fd5f6a3a3538504a49379e7867aed8c591d823223910f526da4fb2a7fc7
moko/catalog/PLZy-Ivj5yDjXxOflNGsXxI2-1jQFDDepl.json;MOKO/99_Технические_материалы/Рабочий_код_и_данные/moko/catalog/PLZy-Ivj5yDjXxOflNGsXxI2-1jQFDDepl.json;11485;7d6d0fff75921e0922e5fb22850d523cd477dbb0e257a928b16ea0f389251c28
moko/catalog/all_videos.json;MOKO/99_Технические_материалы/Рабочий_код_и_данные/moko/catalog/all_videos.json;99913;498c1fd33591ea3065b12618e3df9e4b7d1948408f538f2ac926744344b31204
moko/catalog/all_videos_raw.json;MOKO/99_Технические_материалы/Рабочий_код_и_данные/moko/catalog/all_videos_raw.json;95027;9530cc70937cdf5a519459c67113282610886d8fddaa0ef699f6380508c09812
moko/catalog/build_registry.py;MOKO/99_Технические_материалы/Рабочий_код_и_данные/moko/catalog/build_registry.py;12259;83da254b56e5870a704e428bdf0d5cf679e7d7cb3039769fee67f7b755e07721
moko/catalog/collect_all.py;MOKO/99_Технические_материалы/Рабочий_код_и_данные/moko/catalog/collect_all.py;1822;e8ae3b45dd8356940f101d9b2f4feb12313d87f8f79fad937620071469000e44
moko/catalog/descriptions_all.json;MOKO/99_Технические_материалы/Рабочий_код_и_данные/moko/catalog/descriptions_all.json;115816;31d755c1b9d1b6438788a283ad082e94286cebf91f0f6206ac82d57703e0d290
moko/catalog/details/-WRagVBYLxg.json;MOKO/99_Технические_материалы/Рабочий_код_и_данные/moko/catalog/details/-WRagVBYLxg.json;1439;9ab8553c911e78519e820479e9ac9be0bc15114a4f232ca26183a47459f3bd53
moko/catalog/details/0M9TZE58Ryg.json;MOKO/99_Технические_материалы/Рабочий_код_и_данные/moko/catalog/details/0M9TZE58Ryg.json;1950;2d69a2147086b0297614780e49caf7866bf78e582b74d7195043f682f3a795f6
moko/catalog/details/0Y3moGLIZbM.json;MOKO/99_Технические_материалы/Рабочий_код_и_данные/moko/catalog/details/0Y3moGLIZbM.json;886;04b142b9787a6c1f28f8f88fbb2808db9f370ae9999cd7a7f6b29ffe77b4b06f
moko/catalog/details/1CXaEv7QwuE.json;MOKO/99_Технические_материалы/Рабочий_код_и_данные/moko/catalog/details/1CXaEv7QwuE.json;1017;fac989a2ec673d4e4b6b868f94d8eab295bd728c5951334c381bdc6dddc5455d
moko/catalog/details/24djPbWsmM8.json;MOKO/99_Технические_материалы/Рабочий_код_и_данные/moko/catalog/details/24djPbWsmM8.json;1133;98dde95b59466c5c331f2620b5db470b44a2dd7a7034eabd103bf283ffe23078
moko/catalog/details/2BudDX-Tjqc.json;MOKO/99_Технические_материалы/Рабочий_код_и_данные/moko/catalog/details/2BudDX-Tjqc.json;1117;2a3eb833aa3ce5983ba48a56fe663f9c2f25674f1627dfe37b98ab9bf4fa2a5c
moko/catalog/details/4Ot8GxQA6Yc.json;MOKO/99_Технические_материалы/Рабочий_код_и_данные/moko/catalog/details/4Ot8GxQA6Yc.json;127;fd3c1f595cc8c809fcfad323a7140be990ef1125378f1a2e4868b8f4fa30adc5
moko/catalog/details/4jCy0mh3E9s.json;MOKO/99_Технические_материалы/Рабочий_код_и_данные/moko/catalog/details/4jCy0mh3E9s.json;979;104ec1dd07f421bd4c317067603c5f3832384b692e9f3a1e5cd31fa0bbfdf726
moko/catalog/details/5Lm54uJEyL8.json;MOKO/99_Технические_материалы/Рабочий_код_и_данные/moko/catalog/details/5Lm54uJEyL8.json;886;f753eb463af339b75324f510eccf601c9e6d85b06ca49115ed3a8ab6dab5f856
moko/catalog/details/69rZmdvcS_8.json;MOKO/99_Технические_материалы/Рабочий_код_и_данные/moko/catalog/details/69rZmdvcS_8.json;176;a82a0eaa8f9a76b5dda8a791cc90a348a206d715489c1b564dfc538ebc936602
moko/catalog/details/6s3BE6TtCD4.json;MOKO/99_Технические_материалы/Рабочий_код_и_данные/moko/catalog/details/6s3BE6TtCD4.json;120;236bdf7492bed301f90b8a1968dca9d43c7a9357d6cd9dd812bc05f2fbbf8f6c
moko/catalog/details/7DngQ_kX12M.json;MOKO/99_Технические_материалы/Рабочий_код_и_данные/moko/catalog/details/7DngQ_kX12M.json;773;8fc14246bcbafe4d113d13b0cc09a8f86e1911ef75e9316a9f21d46c73d98a8c
moko/catalog/details/7YQ0j-HUuOs.json;MOKO/99_Технические_материалы/Рабочий_код_и_данные/moko/catalog/details/7YQ0j-HUuOs.json;902;a3146546f74b6a5e3934fb220a6002b224505037274e57a36522747e2e9bd9aa
moko/catalog/details/9EyE3bgGmZo.json;MOKO/99_Технические_материалы/Рабочий_код_и_данные/moko/catalog/details/9EyE3bgGmZo.json;792;a1446f4035d25562549a1fd0e63d9ddd311c34cb989970dd2eb420360a5e85b4
moko/catalog/details/9IOlJ_qBQ74.json;MOKO/99_Технические_материалы/Рабочий_код_и_данные/moko/catalog/details/9IOlJ_qBQ74.json;812;86f90efc3b2d0a5214fb221c6f816e697de16fc2708c4a0b5bea200b632c0742
moko/catalog/details/9QniN5XarQo.json;MOKO/99_Технические_материалы/Рабочий_код_и_данные/moko/catalog/details/9QniN5XarQo.json;2105;f21e05595f40e55bd6fc36287db2616fe287ddc5f16bcece78ceca6c9978d63b
moko/catalog/details/9sQpjOUh7f4.json;MOKO/99_Технические_материалы/Рабочий_код_и_данные/moko/catalog/details/9sQpjOUh7f4.json;1346;7d8f01d2ac0eba897b7734f09822d56de3ede26cd2021daa36fa2d7cc8837e1b
moko/catalog/details/AFPlbt1Zhhw.json;MOKO/99_Технические_материалы/Рабочий_код_и_данные/moko/catalog/details/AFPlbt1Zhhw.json;1099;6d44c35b0edc5c5d697d0f077b1664f0b78a23d0cc136ca22ee85e7cfe06fceb
moko/catalog/details/ASLRmlpA5Xw.json;MOKO/99_Технические_материалы/Рабочий_код_и_данные/moko/catalog/details/ASLRmlpA5Xw.json;1412;75a5307ce4afd0faade6df1732affdd10f89327daabe882624fb5e37beff5672
moko/catalog/details/BSgXt5addDM.json;MOKO/99_Технические_материалы/Рабочий_код_и_данные/moko/catalog/details/BSgXt5addDM.json;1514;26e8cc0f6ef661a5137273cea74600155ac9d8effd27689df1cd8b8ae5a6611c
moko/catalog/details/CllBnT_-hKs.json;MOKO/99_Технические_материалы/Рабочий_код_и_данные/moko/catalog/details/CllBnT_-hKs.json;1676;fda988d515c1c8c3758b9be2fb89862e5c22ea9abb7200f92a70d32100f4658d
moko/catalog/details/DStpNxJKxiI.json;MOKO/99_Технические_материалы/Рабочий_код_и_данные/moko/catalog/details/DStpNxJKxiI.json;1141;c3449f0eb1672e2dc960148c8bff2bc10a214051eca124528b5c7a513de880e7
moko/catalog/details/E2Wj5L17Oxo.json;MOKO/99_Технические_материалы/Рабочий_код_и_данные/moko/catalog/details/E2Wj5L17Oxo.json;1262;35def437e8f8b79a24f2bf10386a8601f880278e71f5d9cc4e50c7957ea87bb6
moko/catalog/details/EsLUSn9RDL4.json;MOKO/99_Технические_материалы/Рабочий_код_и_данные/moko/catalog/details/EsLUSn9RDL4.json;2206;b43b21ac6f6d23f0797b457cd8c2d7bc51784516bde0050a7d819f6794ddbf69
moko/catalog/details/FKGsam4DP6w.json;MOKO/99_Технические_материалы/Рабочий_код_и_данные/moko/catalog/details/FKGsam4DP6w.json;1289;d2975c6824997e8b5b6f90b650773bacfd9cfe95ddf0c2b534732329500b3135
moko/catalog/details/GxL-DZFXYQY.json;MOKO/99_Технические_материалы/Рабочий_код_и_данные/moko/catalog/details/GxL-DZFXYQY.json;854;d770365db187d950a3b349e8533d378e080753de4dd5ab4b7bcdb3f4215d11f3
moko/catalog/details/HEmNyEcmrZY.json;MOKO/99_Технические_материалы/Рабочий_код_и_данные/moko/catalog/details/HEmNyEcmrZY.json;1455;5b08620bc112f0b6d8f22f5390dccdb743c3cdd1428550eb9a9d72a32a8d0d33
moko/catalog/details/IQ2V9DLpqjg.json;MOKO/99_Технические_материалы/Рабочий_код_и_данные/moko/catalog/details/IQ2V9DLpqjg.json;887;1523bf4c488dfbe5c8981ebf1ca8e214a0a45001186c2fa17dbd35172b084918
moko/catalog/details/J_5qLMX5uNs.json;MOKO/99_Технические_материалы/Рабочий_код_и_данные/moko/catalog/details/J_5qLMX5uNs.json;2212;99923fbf864f253a874561134b8da1af75358cd3389ae6a247828282e7678c41
moko/catalog/details/KmLxID8LONo.json;MOKO/99_Технические_материалы/Рабочий_код_и_данные/moko/catalog/details/KmLxID8LONo.json;1355;2a8d02168e1b8d1409aeeb13fdf634db5d2bff9b6cf1081ac7f178cac2d6147c
moko/catalog/details/L8DhEf9Mquo.json;MOKO/99_Технические_материалы/Рабочий_код_и_данные/moko/catalog/details/L8DhEf9Mquo.json;1640;725e4af69a6fb298090c98d52e82ff5f2c962d9fe4cb33e103605c71248f7b04
moko/catalog/details/LXg7Ql5Aye0.json;MOKO/99_Технические_материалы/Рабочий_код_и_данные/moko/catalog/details/LXg7Ql5Aye0.json;1615;7bdb3a8241242768690bde3a962270d517fd5fb145bc0307cbc5de8048f81609
moko/catalog/details/MSGRIN6oUZQ.json;MOKO/99_Технические_материалы/Рабочий_код_и_данные/moko/catalog/details/MSGRIN6oUZQ.json;1100;4165762a5e94c757643f4a86fc8e607088b15d6d7ccc3284d265573d721b69a7
moko/catalog/details/OhPQyqKovhA.json;MOKO/99_Технические_материалы/Рабочий_код_и_данные/moko/catalog/details/OhPQyqKovhA.json;1920;db81e0259544b3ba788088a4a404b80f7ef827908b1ee90ad31532229d1395a3
moko/catalog/details/OmXJkxET17k.json;MOKO/99_Технические_материалы/Рабочий_код_и_данные/moko/catalog/details/OmXJkxET17k.json;1118;caf81d004c87eebea6f4d2399d8c795468f8a8fa4af66de9b8c23db60b914d06
moko/catalog/details/POZUZuiS7cI.json;MOKO/99_Технические_материалы/Рабочий_код_и_данные/moko/catalog/details/POZUZuiS7cI.json;825;df839b58dad5bef1f535dc40c4b5540a76825d629369851665b0f3c68c5c49b9
moko/catalog/details/PwvxyezgN9U.json;MOKO/99_Технические_материалы/Рабочий_код_и_данные/moko/catalog/details/PwvxyezgN9U.json;868;30f897e1da6f8a9b61c114544eb0627be58a7fc2f28900758c6a880a7da6367b
moko/catalog/details/S1q0p8HLVqY.json;MOKO/99_Технические_материалы/Рабочий_код_и_данные/moko/catalog/details/S1q0p8HLVqY.json;1266;323e8001cb399058d7db3fc51a8db2da8ca17dcf8f42464f9b78a62478890769
moko/catalog/details/S3gTxhKKBOs.json;MOKO/99_Технические_материалы/Рабочий_код_и_данные/moko/catalog/details/S3gTxhKKBOs.json;2275;c573c1186cc7f2677dd5d1ab8125f48ef03818ae0f05706dcb2348938787975a
moko/catalog/details/Sz_qOev_6Y0.json;MOKO/99_Технические_материалы/Рабочий_код_и_данные/moko/catalog/details/Sz_qOev_6Y0.json;929;2e2db16c6340ba60566c6d0d81d8195ec8e22c138696f11df5737437ba28505c
moko/catalog/details/Szt2Qw5Gb7o.json;MOKO/99_Технические_материалы/Рабочий_код_и_данные/moko/catalog/details/Szt2Qw5Gb7o.json;1521;ae727208b8155e7e88c9e68af2aa1833261d4fbc4f544acea70fcc909f80c1ae
moko/catalog/details/T-uG-K0wJdg.json;MOKO/99_Технические_материалы/Рабочий_код_и_данные/moko/catalog/details/T-uG-K0wJdg.json;765;2e1d75f9447288add27521f5f92b5a1160bb93ce0dedcfab1cec32fbf96a1427
moko/catalog/details/TSAL-e7zO8Q.json;MOKO/99_Технические_материалы/Рабочий_код_и_данные/moko/catalog/details/TSAL-e7zO8Q.json;1326;bff7f7ec1696acfb4ef0d0e2ba48e3786a4c19c41d7ebcb5ebed3d912229be89
moko/catalog/details/Tiff450MBJ4.json;MOKO/99_Технические_материалы/Рабочий_код_и_данные/moko/catalog/details/Tiff450MBJ4.json;1394;7c1badb508f085d93601e88733d11068d49d74b39d561352820e28d79dff0f29
moko/catalog/details/U2Y2vPSSbLE.json;MOKO/99_Технические_материалы/Рабочий_код_и_данные/moko/catalog/details/U2Y2vPSSbLE.json;825;3b4d9300e9f2a156814dbb85b4caef30ee1227028852cd5775b08b1efd69043a
moko/catalog/details/UO_n5resEjA.json;MOKO/99_Технические_материалы/Рабочий_код_и_данные/moko/catalog/details/UO_n5resEjA.json;2164;bc40b3d201285f06c5a7317309aad60afeced4e24f999bfbaae511c691174bd0
moko/catalog/details/VeR-7cU_-Mc.json;MOKO/99_Технические_материалы/Рабочий_код_и_данные/moko/catalog/details/VeR-7cU_-Mc.json;881;4ce56b89db71728196964ca16b67be1b6a78d58cd2d5256baae630390d285bf7
moko/catalog/details/VoaZTXhmnmM.json;MOKO/99_Технические_материалы/Рабочий_код_и_данные/moko/catalog/details/VoaZTXhmnmM.json;138;b3d4d7938f61481440e1e493d5ac3f42a1aba8360d57d8dab5f2674c8385d3b1
moko/catalog/details/VzMZ4ohlJhI.json;MOKO/99_Технические_материалы/Рабочий_код_и_данные/moko/catalog/details/VzMZ4ohlJhI.json;1029;d31cb2435345b8a7f8b206f5a4e91a4ae3bc065d51cdcc3053794395e833cc70
moko/catalog/details/WY41Ggzugy4.json;MOKO/99_Технические_материалы/Рабочий_код_и_данные/moko/catalog/details/WY41Ggzugy4.json;1812;74cdd00d855e57d499a3cb9e41340f0611fbbcf03e0e6517f774825fe6a35327
moko/catalog/details/XoFGTU8Kovk.json;MOKO/99_Технические_материалы/Рабочий_код_и_данные/moko/catalog/details/XoFGTU8Kovk.json;839;8358c08a26b6498c2726705234ec909b4109bff1b5133d980fa8e14ca2f346ee
moko/catalog/details/Z8M26IEMpOQ.json;MOKO/99_Технические_материалы/Рабочий_код_и_данные/moko/catalog/details/Z8M26IEMpOQ.json;892;db778926d9e3c646e6bfa3d7497034b3ac15903cf3fd39346357da35f022fb96
moko/catalog/details/a6cwVJ20iwU.json;MOKO/99_Технические_материалы/Рабочий_код_и_данные/moko/catalog/details/a6cwVJ20iwU.json;1387;15f34671b403aab90db0818ed816780411587011f68eda8c40b3606e41656763
moko/catalog/details/aSjRYZWMfjc.json;MOKO/99_Технические_материалы/Рабочий_код_и_данные/moko/catalog/details/aSjRYZWMfjc.json;1322;61a38c584bb5c9e0784f72b95d64a6a0b511eba9e9fb8e07d1d8b5b229fe98f1
moko/catalog/details/b5zjy0PHU0s.json;MOKO/99_Технические_материалы/Рабочий_код_и_данные/moko/catalog/details/b5zjy0PHU0s.json;1527;3337021661c00236b24a2c8ce3e6dc81223c09fcd874713998de6ab97b8bd20c
moko/catalog/details/c1p5m_dTpdo.json;MOKO/99_Технические_материалы/Рабочий_код_и_данные/moko/catalog/details/c1p5m_dTpdo.json;777;b4ecfc005781bd07b61346b3fabbc7623987495fce28e9f9a83a36274b471fe7
moko/catalog/details/cA1GXKStbMA.json;MOKO/99_Технические_материалы/Рабочий_код_и_данные/moko/catalog/details/cA1GXKStbMA.json;881;3e2b8632a5dca8805fc519d797b390b6cc5831104cdc243e5b92ace695af6dd7
moko/catalog/details/crbctMTtlG8.json;MOKO/99_Технические_материалы/Рабочий_код_и_данные/moko/catalog/details/crbctMTtlG8.json;1215;02ab52546ff30a8b54f4936a0516df3bad390a68d6fac5cf64fecfd7d7d0d3fa
moko/catalog/details/dOhiPXQIljo.json;MOKO/99_Технические_материалы/Рабочий_код_и_данные/moko/catalog/details/dOhiPXQIljo.json;923;0b12888d40ec5a8d134a5f8cf12ffedec109e2f9e82b05fe78440cfda31bdd28
moko/catalog/details/e_2bLrqE6sk.json;MOKO/99_Технические_материалы/Рабочий_код_и_данные/moko/catalog/details/e_2bLrqE6sk.json;1409;ae36dbd1014c2d2a17390edb4f8da007d9fbf3b09defabe1c1b754410bbfc378
moko/catalog/details/egIx1gEHksA.json;MOKO/99_Технические_материалы/Рабочий_код_и_данные/moko/catalog/details/egIx1gEHksA.json;1347;e802b328704259e5c5f8e463addce3d93df55ecf02e96a5eb889131048e652fc
moko/catalog/details/ex8ibsNSCiA.json;MOKO/99_Технические_материалы/Рабочий_код_и_данные/moko/catalog/details/ex8ibsNSCiA.json;1480;24e9651ce641dba44e65302b1a842f858b6248c7092a28a4ed438ae87cc00d60
moko/catalog/details/fXtQYcZJ7tA.json;MOKO/99_Технические_материалы/Рабочий_код_и_данные/moko/catalog/details/fXtQYcZJ7tA.json;706;c45ae835fe5056e94b8abbe015d203d0e99b73f3221ba077097693f3a78fce87
moko/catalog/details/feEv04DYWbA.json;MOKO/99_Технические_материалы/Рабочий_код_и_данные/moko/catalog/details/feEv04DYWbA.json;1505;93021693dd8d01f1addf4cdee69f9fcc3a3efbe74c36c5a40428832a61343a8e
moko/catalog/details/gWQBcpK8X5A.json;MOKO/99_Технические_материалы/Рабочий_код_и_данные/moko/catalog/details/gWQBcpK8X5A.json;794;0243e75525f3d7d614344effd61c46dc54df162b5eabc62bc1dcfad131d31481
moko/catalog/details/gb45P9-3Yfk.json;MOKO/99_Технические_материалы/Рабочий_код_и_данные/moko/catalog/details/gb45P9-3Yfk.json;1291;864a746b4828091ba3c7ee117d9ef43ac4b4dde0333b57d3128c393e7b71be13
moko/catalog/details/hirOeoPDYvY.json;MOKO/99_Технические_материалы/Рабочий_код_и_данные/moko/catalog/details/hirOeoPDYvY.json;827;c3fed0aee24655a7f9807e02abde391eedc0cd30ff06a66860e2690c2c3b6ed7
moko/catalog/details/i3N3CFncdw8.json;MOKO/99_Технические_материалы/Рабочий_код_и_данные/moko/catalog/details/i3N3CFncdw8.json;1995;14d0ab2b6b39928ba68dc13f1ab6d3362ff53abd701415ce8c03449b5977f2b3
moko/catalog/details/jR89eqIiAGM.json;MOKO/99_Технические_материалы/Рабочий_код_и_данные/moko/catalog/details/jR89eqIiAGM.json;760;bf4aad3da1b125b6768380d97e76d2d95c242e80c4bb477b6326aec1830a4013
moko/catalog/details/jq_D-9nsomg.json;MOKO/99_Технические_материалы/Рабочий_код_и_данные/moko/catalog/details/jq_D-9nsomg.json;1334;51999a35be2226ca04883979d44ffc503f98263e9f490cadcc6faec47fbd0321
moko/catalog/details/koGtgs5iNfk.json;MOKO/99_Технические_материалы/Рабочий_код_и_данные/moko/catalog/details/koGtgs5iNfk.json;1757;c0b7e66209f448598c5a9e83a9ce6778ac81289d7c21ca80548281204564c086
moko/catalog/details/kuzcOBW11rk.json;MOKO/99_Технические_материалы/Рабочий_код_и_данные/moko/catalog/details/kuzcOBW11rk.json;1501;19c668523a39e82dddb7a8165192c7c53d356b7ae219001fb2622a6f2dbfdb8c
moko/catalog/details/l3xewCeguhM.json;MOKO/99_Технические_материалы/Рабочий_код_и_данные/moko/catalog/details/l3xewCeguhM.json;1542;ca96370134b26a42ba7afba3d6fc6edeef8d736ffb3b498e6b74a7d140e9fd44
moko/catalog/details/lSWbtmhcpfc.json;MOKO/99_Технические_материалы/Рабочий_код_и_данные/moko/catalog/details/lSWbtmhcpfc.json;768;3848240da2cb7d06c2b969d2bbe92df817418c5eda774a7405b65b4a9c123d7a
moko/catalog/details/m96Fj9w5RGw.json;MOKO/99_Технические_материалы/Рабочий_код_и_данные/moko/catalog/details/m96Fj9w5RGw.json;781;4ccf79cf367442b4db1bfec6d8031da42db959b48133531da73d42786017c6e0
moko/catalog/details/nnktD99huyE.json;MOKO/99_Технические_материалы/Рабочий_код_и_данные/moko/catalog/details/nnktD99huyE.json;1449;488546fcb2d4e201a0e3d81a8f7cafcc45817830c373480f6ade65f1463b598e
moko/catalog/details/oJktpGbr7WA.json;MOKO/99_Технические_материалы/Рабочий_код_и_данные/moko/catalog/details/oJktpGbr7WA.json;1532;be786d2399a1391c09c09561f17f90db79983c9096bd06a7f5e48cfeedc48234
moko/catalog/details/oUseu_82YBM.json;MOKO/99_Технические_материалы/Рабочий_код_и_данные/moko/catalog/details/oUseu_82YBM.json;1453;a3fefb3e4140551719ff3fa9da33145d71ca1327c4c96c82743579ca68827e72
moko/catalog/details/opy_PhgdODo.json;MOKO/99_Технические_материалы/Рабочий_код_и_данные/moko/catalog/details/opy_PhgdODo.json;815;6fbc43bd396420d5b037f00ba3ef11240ceed2f8dd11a730d98efac509897c19
moko/catalog/details/pzxfkmvQW2U.json;MOKO/99_Технические_материалы/Рабочий_код_и_данные/moko/catalog/details/pzxfkmvQW2U.json;1917;b482fe7afc23f2be947da2d47cf54330ad94c8bf9f2b42225703aba873614d28
moko/catalog/details/q8obUwFp1m8.json;MOKO/99_Технические_материалы/Рабочий_код_и_данные/moko/catalog/details/q8obUwFp1m8.json;656;1594ff5e0f5fccf67ce2bd46527697ac72912b48129ba5afb1c56bb602ce16d0
moko/catalog/details/rSy3uobcJwU.json;MOKO/99_Технические_материалы/Рабочий_код_и_данные/moko/catalog/details/rSy3uobcJwU.json;1104;5ef05d9124885ea8922ff35c182ad163cf037286963d24403eca501d8bc96a3e
moko/catalog/details/shP4XNNsC6Q.json;MOKO/99_Технические_материалы/Рабочий_код_и_данные/moko/catalog/details/shP4XNNsC6Q.json;1366;2e7db937201e26f46fc540701af2f36751e135526fe10ba20a937437e7bd5455
moko/catalog/details/sv1_km5KX00.json;MOKO/99_Технические_материалы/Рабочий_код_и_данные/moko/catalog/details/sv1_km5KX00.json;799;73259ea2052a5f6d55b28d4a5f13515bbdb5354ad408536872fed893a135300c
moko/catalog/details/t9HsjGb3dFs.json;MOKO/99_Технические_материалы/Рабочий_код_и_данные/moko/catalog/details/t9HsjGb3dFs.json;859;e27f78273158e559e0e3bea9ea0de2974679013da7d2925d0e9106beae2d8b47
moko/catalog/details/tXsjlxHMt6Y.json;MOKO/99_Технические_материалы/Рабочий_код_и_данные/moko/catalog/details/tXsjlxHMt6Y.json;1442;d9c2424f4e57e690adf63375a0da6c5da3a90d2a64dd598cbda946d7fc0f5116
moko/catalog/details/tgIy0Ra-mn0.json;MOKO/99_Технические_материалы/Рабочий_код_и_данные/moko/catalog/details/tgIy0Ra-mn0.json;1987;ff4be8a69ac63c7dd59734105674c41d5670b0c640e91d76c129a483b12d9deb
moko/catalog/details/tpdw4fKgaEg.json;MOKO/99_Технические_материалы/Рабочий_код_и_данные/moko/catalog/details/tpdw4fKgaEg.json;1383;cd8cf2204d3632d5adf6974c37af0a35fd57e619cd50ad364eb1a59695cc5a09
moko/catalog/details/w9YARQn9SFs.json;MOKO/99_Технические_материалы/Рабочий_код_и_данные/moko/catalog/details/w9YARQn9SFs.json;2279;157ba8778a6dc4a42b1078092c99e576871b91a644bead9db53bd382b0f9116e
moko/catalog/details/xEI929oBzYg.json;MOKO/99_Технические_материалы/Рабочий_код_и_данные/moko/catalog/details/xEI929oBzYg.json;736;ff34924fd653e9adae75b21db1d4ee5bda8fb3a68f2318a63530c2c5d17f98ea
moko/catalog/details/xMjkBv8Qa10.json;MOKO/99_Технические_материалы/Рабочий_код_и_данные/moko/catalog/details/xMjkBv8Qa10.json;1016;2c585e7385e2161c45db3a427271066800af2a797cb0b94f856cf02fe09a46fa
moko/catalog/details/zTD8sbNUeGU.json;MOKO/99_Технические_материалы/Рабочий_код_и_данные/moko/catalog/details/zTD8sbNUeGU.json;997;68bbd04a0b3543dca45c9aee890a260f16886dda5c3974920269575b33c584a6
moko/catalog/details/zdXMG-IOhjA.json;MOKO/99_Технические_материалы/Рабочий_код_и_данные/moko/catalog/details/zdXMG-IOhjA.json;764;d07c6b012eb91aef507eca377ec5691c632589e489c504e2d77fad6d50bbec8d
moko/catalog/details/zv4wZlanZzg.json;MOKO/99_Технические_материалы/Рабочий_код_и_данные/moko/catalog/details/zv4wZlanZzg.json;1779;c83d48a7d1a363b2ab40839fe5afd55414c486160dd4ea3274eee91050da0375
moko/catalog/existing_playlists.json;MOKO/99_Технические_материалы/Рабочий_код_и_данные/moko/catalog/existing_playlists.json;21724;0f4e70f9de6cea9fec4598220432c946f91bc8ff07dbec25a8fde4791aa32f04
moko/catalog/fetch_details.py;MOKO/99_Технические_материалы/Рабочий_код_и_данные/moko/catalog/fetch_details.py;1284;1b673d85c411c50ab6fc8bd87485216d62b69b4fae73dbb5031837cccdea6981
moko/catalog/playlists_raw.json;MOKO/99_Технические_материалы/Рабочий_код_и_данные/moko/catalog/playlists_raw.json;14597;aefc5a17812d09ce04bc914ef87b281e7ef1ffdca792fc4efbddc7816930dd8f
moko/catalog/proposed_playlists.json;MOKO/99_Технические_материалы/Рабочий_код_и_данные/moko/catalog/proposed_playlists.json;6161;2c16461e01f76030b103ed9dbae39eba31437cb2d9a6870f948e5bbbdc0caeef
moko/catalog/registry.json;MOKO/99_Технические_материалы/Рабочий_код_и_данные/moko/catalog/registry.json;157650;9a23fffb9315ea070340232b53050dbae18561d44a5442200a5cf3c5d9818982
moko/catalog/shorts_raw.json;MOKO/99_Технические_материалы/Рабочий_код_и_данные/moko/catalog/shorts_raw.json;9067;a4b83ed6839821ab4ec18f03e413ca221d6e0f26b199ef10542b9ee27d90c7cf
moko/catalog/streams_raw.json;MOKO/99_Технические_материалы/Рабочий_код_и_данные/moko/catalog/streams_raw.json;7847;bff02dea822e5eecdbaf4b9c1400965a90c994e8872ead5f6d0221982f33f0bb
moko/channel_data.json;MOKO/99_Технические_материалы/Рабочий_код_и_данные/moko/channel_data.json;421804;b6ab8450b1e62051c8654a85ff74a119e8790c3cecf57559fad42f270e8880c1
moko/collect.py;MOKO/99_Технические_материалы/Рабочий_код_и_данные/moko/collect.py;1615;4deaf91e2826f58fbe711e035d4637ae8e9d856e75524de46d484658f26db492
moko/comparison.jpg;MOKO/01_YouTube/90_Архив_этапов/00_Общие_сравнения/comparison.jpg;496295;85e07fa6ac11d61c06a94e3310f82d4bc02bbca5f33caac4cb89be9f03611a28
moko/concepts/01_graph.png;MOKO/01_YouTube/90_Архив_этапов/01_Первые_концепты/01_graph.png;1526931;283a497c0ffab168b92ce9ed984bca38fa208458172ce6b3c617c623ed5d6211
moko/concepts/01_graph_1280x720.jpg;MOKO/01_YouTube/90_Архив_этапов/01_Первые_концепты/01_graph_1280x720.jpg;210849;9c0f9b85f1a761805c7c9c34ff7fa984757ac4722ab5a1edc5d04b662426a2dd
moko/concepts/02_drivers.png;MOKO/01_YouTube/90_Архив_этапов/01_Первые_концепты/02_drivers.png;1199394;354c8f26807bf33f3a9d836cbeda108c3afdab26161c58454ea515094c4fb6bf
moko/concepts/02_drivers_1280x720.jpg;MOKO/01_YouTube/90_Архив_этапов/01_Первые_концепты/02_drivers_1280x720.jpg;206486;5300cba488bf871112b00e7875e879e069dae095c9a25e70d6777054db5f1618
moko/concepts/03_headlight.png;MOKO/01_YouTube/90_Архив_этапов/01_Первые_концепты/03_headlight.png;1512157;13213a1c93ccaedaccd05cab89bec28023b0773b4e36a5b9a0ac579694690ffd
moko/concepts/03_headlight_1280x720.jpg;MOKO/01_YouTube/90_Архив_этапов/01_Первые_концепты/03_headlight_1280x720.jpg;216940;fc088ef3061c223c7ce06a9020c721d7652669e0c480e0c4ba8a7ba626871d3b
moko/concepts.zip;MOKO/01_YouTube/90_Архив_этапов/00_Общие_сравнения/concepts.zip;626111;7d6e2aa088f969003fa52fded004a1b48c1fd515c44e7cc8fd3518a50b132777
moko/current_overview.jpg;MOKO/01_YouTube/90_Архив_этапов/00_Общие_сравнения/current_overview.jpg;674490;1d20dfc758bd940804419fc3ff0c9381cf483ee98310f15eeeba9f031fc6f33d
moko/docs/MOKO_Правила_обложек_v1.1.docx;MOKO/01_YouTube/90_Архив_этапов/12_Старые_документы/MOKO_Правила_обложек_v1.1.docx;431576;d2fa5b94b1eccaab593039d3d0c9c880a3516df9f0b0f4d6597c51e8dead567e
moko/docs/MOKO_Правила_обложек_v1.docx;MOKO/01_YouTube/90_Архив_этапов/12_Старые_документы/MOKO_Правила_обложек_v1.docx;431042;26d7075164d4ceb958ab109953db6d916efd804cd6539559ec0e57e41b137d17
moko/docs/MOKO_Правила_обложек_v1.md;MOKO/01_YouTube/90_Архив_этапов/12_Старые_документы/MOKO_Правила_обложек_v1.md;15601;ece99be4616f6b2d4a7c94dd40832da880641f2d26ca875b5ba31e2171984a22
moko/docs/MOKO_Реестр_94_видео.csv;MOKO/01_YouTube/90_Архив_этапов/12_Старые_документы/MOKO_Реестр_94_видео.csv;64201;8be5cf35584c06fe2da7a5a7e3cb09243076d91e9ce8a6ae4d0ce492c3cc8110
moko/docs/MOKO_Реестр_94_видео_v1.1.csv;MOKO/01_YouTube/90_Архив_этапов/12_Старые_документы/MOKO_Реестр_94_видео_v1.1.csv;67206;d5ffbda25505f4b37fa344f1190003c75338b792b16e03bb9bcec54591ce0102
moko/docs/MOKO_Реестр_94_видео_и_плейлисты.xlsx;MOKO/01_YouTube/90_Архив_этапов/12_Старые_документы/MOKO_Реестр_94_видео_и_плейлисты.xlsx;39575;640028d8545ea83c8acac753211b5721f6cf5ca09b2a42bef447d0b1ca065c20
moko/docs/MOKO_Реестр_94_видео_и_плейлисты_v1.1.xlsx;MOKO/01_YouTube/90_Архив_этапов/12_Старые_документы/MOKO_Реестр_94_видео_и_плейлисты_v1.1.xlsx;43302;89c8fca87101d73e76754061a2d99210fc168219008d607ee2e7c087b2bbfe19
moko/docs/MOKO_Сводная_карта_плейлистов_v1.1.docx;MOKO/01_YouTube/90_Архив_этапов/12_Старые_документы/MOKO_Сводная_карта_плейлистов_v1.1.docx;49166;19330feb47d0e170859541c795e68c577122095a4e49d5bfd5a992844efa9623
moko/docs/MOKO_Сводная_карта_плейлистов_v1.docx;MOKO/01_YouTube/90_Архив_этапов/12_Старые_документы/MOKO_Сводная_карта_плейлистов_v1.docx;48098;271a2bf9f75bc68b0f2f2b9f9623d1ed5568a23b74a38ecea8e36b9d946be41c
moko/docs/build_documents.py;MOKO/99_Технические_материалы/Рабочий_код_и_данные/moko/docs/build_documents.py;35426;79088fd008a3c86cf738ed170768702173119211cda9523877d5e61999317e47
moko/emoji/MOKO_24_эмодзи_v01.zip;MOKO/02_Telegram/02_Эмодзи_24/MOKO_24_эмодзи_v01.zip;767023;90f75884701f92a11bc66bd573996f965519064561b0c80e19c9a531fe9ed0c6
moko/emoji/MOKO_Эмодзи_Превью.jpg;MOKO/02_Telegram/02_Эмодзи_24/MOKO_Эмодзи_Превью.jpg;227216;efe54d048038705fade48e64295b880c574ac32bbde6fe8eed55ab473040dc20
moko/emoji/MOKO_Эмодзи_Просмотр.html;MOKO/02_Telegram/02_Эмодзи_24/MOKO_Эмодзи_Просмотр.html;320092;07f638ec553d6b12004244c16ee66d44276f046bf873b6d4c8efed91eccb0290
moko/emoji/README.md;MOKO/02_Telegram/02_Эмодзи_24/README.md;4255;3b8e4da434ee1c5bab1c0383953d5c448976684535b21f9c80baff057e755c1c
moko/emoji/png_100/01_youtube.png;MOKO/02_Telegram/02_Эмодзи_24/png_100/01_youtube.png;7104;2eaaad573eae046919b2019a5763f331e9f04567469c868d0b8abae5faa0c350
moko/emoji/png_100/02_telegram.png;MOKO/02_Telegram/02_Эмодзи_24/png_100/02_telegram.png;9072;9bd38a42a4f86d1295a7671a1370cd1572c34b69331c1940aa4bd7e7296db53c
moko/emoji/png_100/03_like.png;MOKO/02_Telegram/02_Эмодзи_24/png_100/03_like.png;7645;a610d203e21b59cd3c56ff86bc0e26d4867fa72520e00c5a1e75bfa4f2b2e12c
moko/emoji/png_100/04_dislike.png;MOKO/02_Telegram/02_Эмодзи_24/png_100/04_dislike.png;7382;32b86ed3f06d34f88070cc42ecf1d9234c6b00eed2ba38e1c5a3268ba805242c
moko/emoji/png_100/05_heart.png;MOKO/02_Telegram/02_Эмодзи_24/png_100/05_heart.png;7276;a8e337d1edbf4353b856a670e25fea904f700c77f8bc75b1ed221df67bc6addd
moko/emoji/png_100/06_fire.png;MOKO/02_Telegram/02_Эмодзи_24/png_100/06_fire.png;8775;fabd1c351d6a83093bbfcb5e874d253ad4a652d0249608bc5ed3243152b53ee6
moko/emoji/png_100/07_smile.png;MOKO/02_Telegram/02_Эмодзи_24/png_100/07_smile.png;7337;9a593a6f0f56cf80e19610229cb9021dd1e5db7114ff20a92327bb8debfbbc88
moko/emoji/png_100/08_laugh.png;MOKO/02_Telegram/02_Эмодзи_24/png_100/08_laugh.png;9029;b11e24d739d76790dd9a9b9199f1f37c08f191a9fbc61dfc14b947e647f29472
moko/emoji/png_100/09_wink.png;MOKO/02_Telegram/02_Эмодзи_24/png_100/09_wink.png;7797;65cc06a207f1c853f8f28f749fa5df2faf66ff5e974870153aa0cf6457909792
moko/emoji/png_100/10_thanks.png;MOKO/02_Telegram/02_Эмодзи_24/png_100/10_thanks.png;10196;7e9132d62385c88f711294f44a3a599a745e122c857164828ca69b5417450ff4
moko/emoji/png_100/11_done.png;MOKO/02_Telegram/02_Эмодзи_24/png_100/11_done.png;7883;091b3bc50c820af6b885548d3c5e111718f3096b53ad4e9b62c8acbacf99664b
moko/emoji/png_100/12_error.png;MOKO/02_Telegram/02_Эмодзи_24/png_100/12_error.png;6502;8a406017c943e735539e358b37e8cb8ffb72fd3610d9d05062aa62f23698df1a
moko/emoji/png_100/13_question.png;MOKO/02_Telegram/02_Эмодзи_24/png_100/13_question.png;7615;c2e723d742c9f03b40b574ab404269fdd7c93f142e5bd8fb488a4caa1d779565
moko/emoji/png_100/14_attention.png;MOKO/02_Telegram/02_Эмодзи_24/png_100/14_attention.png;7022;5efa1ea043cf224b28381f2d3705b60bfaad1717689ab99880db0ad6ca4398b1
moko/emoji/png_100/15_wait.png;MOKO/02_Telegram/02_Эмодзи_24/png_100/15_wait.png;9529;da7a6b5f1afe17c11fc2d1a29382bfd38f03d3f69f74609f4c9bb91c4a865dc8
moko/emoji/png_100/16_idea.png;MOKO/02_Telegram/02_Эмодзи_24/png_100/16_idea.png;9346;1181702e139562873eca9450943268cd4fec59d302aa034008039ca3b7deca87
moko/emoji/png_100/17_code.png;MOKO/02_Telegram/02_Эмодзи_24/png_100/17_code.png;8553;f64296fdd2d5e3c272ec4f19e6e59537ef2d507fd7296655fcdfce683b295fd3
moko/emoji/png_100/18_python.png;MOKO/02_Telegram/02_Эмодзи_24/png_100/18_python.png;8395;8214c2fd5075ef3ae7c9592e2c4405bfd12803b8385d80fe14dd3f538f2f09ed
moko/emoji/png_100/19_labview.png;MOKO/02_Telegram/02_Эмодзи_24/png_100/19_labview.png;6799;49149e538ed3062bb1d724d7f67281186620e3e04c146f098c094dbf24ceabcd
moko/emoji/png_100/20_measurement.png;MOKO/02_Telegram/02_Эмодзи_24/png_100/20_measurement.png;8787;d51e9c865bd00114f439cca50908ae54c22e6657bf06c84886fb0d2efbc8a1d4
moko/emoji/png_100/21_hardware.png;MOKO/02_Telegram/02_Эмодзи_24/png_100/21_hardware.png;7766;94a0d401ed4abe9dd8ac9f6b63f6f117d6e48f43c916aa16229b8ca7214390a2
moko/emoji/png_100/22_moko_se.png;MOKO/02_Telegram/02_Эмодзи_24/png_100/22_moko_se.png;8894;281562d38208d0d5ead6e552095db193a5b827946ebbbe692d091eecc932a0b3
moko/emoji/png_100/23_launch.png;MOKO/02_Telegram/02_Эмодзи_24/png_100/23_launch.png;9498;b80e74ca30c8d5f3bdca301b9bb16271aec3633fcc36966cd9452527e3050229
moko/emoji/png_100/24_moko.png;MOKO/02_Telegram/02_Эмодзи_24/png_100/24_moko.png;8176;be38512963840a80aa3ad81526fa4a40daa41f127c15077b1257c6660cdba0e4
moko/emoji/source/QA.json;MOKO/99_Технические_материалы/Рабочий_код_и_данные/moko/emoji/source/QA.json;4254;cda7bb7869e252eaa6f7b24dcb96ca1dad9e34f21aecf862f208e957481ff597
moko/emoji/source/build.py;MOKO/99_Технические_материалы/Рабочий_код_и_данные/moko/emoji/source/build.py;21847;c375d8f5e363a3f9cf42928b2fbbeecea3de75d99d171832a2918f047d95db08
moko/emoji/source/inline_check.png;MOKO/99_Технические_материалы/Рабочий_код_и_данные/moko/emoji/source/inline_check.png;82560;4c54ed0b9e35e1f896342cec5d0e98aed5c770c88585f795918e14f3571f49ad
moko/emoji/source/manifest.json;MOKO/99_Технические_материалы/Рабочий_код_и_данные/moko/emoji/source/manifest.json;5973;4dd9f36cf04b5b22afc98898ac4df822a9425c3af9b862e7aecbf8da5f8547f2
moko/emoji/svg/01_youtube.svg;MOKO/02_Telegram/02_Эмодзи_24/svg/01_youtube.svg;885;f13469d362fc166b86a30850ef374b8ed7c3502a31849833172a0fa5e2774577
moko/emoji/svg/02_telegram.svg;MOKO/02_Telegram/02_Эмодзи_24/svg/02_telegram.svg;961;31a030b3230122afd3b9a194d36fd088184e99245c1bc6a707d32e4724eeee3f
moko/emoji/svg/03_like.svg;MOKO/02_Telegram/02_Эмодзи_24/svg/03_like.svg;1066;08b2dad160897df1090ee5c6a912c6202b8a3fc01f89430f815e12c651506e7c
moko/emoji/svg/04_dislike.svg;MOKO/02_Telegram/02_Эмодзи_24/svg/04_dislike.svg;1114;8b8145bafe7171c05440a2a2fd8bf684cbdc8093b4db33350a3fc96b6454105f
moko/emoji/svg/05_heart.svg;MOKO/02_Telegram/02_Эмодзи_24/svg/05_heart.svg;872;9bd12134b1a8a208360868a0eca14c3f186fbf9f261bbedd675e32889dd23c6e
moko/emoji/svg/06_fire.svg;MOKO/02_Telegram/02_Эмодзи_24/svg/06_fire.svg;984;06448cd4d4fbed043102e970985294854710c2ff3c2f6b96c094e8bcd335a2df
moko/emoji/svg/07_smile.svg;MOKO/02_Telegram/02_Эмодзи_24/svg/07_smile.svg;991;b5f2d7717f7be2fef1d06d50581a74183e420f85f7dde79470a9d55d87ac13e6
moko/emoji/svg/08_laugh.svg;MOKO/02_Telegram/02_Эмодзи_24/svg/08_laugh.svg;1194;81cb3f7b890803452eb1ba00555f2f919d9bbe131003110275430c80048a29f6
moko/emoji/svg/09_wink.svg;MOKO/02_Telegram/02_Эмодзи_24/svg/09_wink.svg;963;bf4006ebe70530157538738ece8be10f57b7d0d67b16aeea6159c0179f566c78
moko/emoji/svg/10_thanks.svg;MOKO/02_Telegram/02_Эмодзи_24/svg/10_thanks.svg;1252;7b1a7d89c9a39f7b402ae5c231501438dfea2028535ab42248f1f1c1dda3eeb0
moko/emoji/svg/11_done.svg;MOKO/02_Telegram/02_Эмодзи_24/svg/11_done.svg;895;579f961ab47e8360c71647e311037aa64092c49a5008e7995cccb0f597133e81
moko/emoji/svg/12_error.svg;MOKO/02_Telegram/02_Эмодзи_24/svg/12_error.svg;903;e4c981d2b71e67f0e52a81a796c2c2ba53108eb743d56082c14cec318e329b01
moko/emoji/svg/13_question.svg;MOKO/02_Telegram/02_Эмодзи_24/svg/13_question.svg;3049;48635278b8838dc5c2d9ddc6bb08dd10163dc21ffe274190f7a0ccb8328034ee
moko/emoji/svg/14_attention.svg;MOKO/02_Telegram/02_Эмодзи_24/svg/14_attention.svg;1035;bf658daf34e0828a6cb8083886e8c575624d3e278fa04379edb1be5586890543
moko/emoji/svg/15_wait.svg;MOKO/02_Telegram/02_Эмодзи_24/svg/15_wait.svg;1043;28e731881a683c6470fe52c609d15bec6916d5903412682f8b809e339b68dcd7
moko/emoji/svg/16_idea.svg;MOKO/02_Telegram/02_Эмодзи_24/svg/16_idea.svg;1076;4a230325bb2e21287edd01d187f01bc982df23b83f33a6d5774e9fe67d11c52a
moko/emoji/svg/17_code.svg;MOKO/02_Telegram/02_Эмодзи_24/svg/17_code.svg;927;983a69a96f7257537d0a08b0715993d1b943b0bc07a791f714e9047c904cc1fc
moko/emoji/svg/18_python.svg;MOKO/02_Telegram/02_Эмодзи_24/svg/18_python.svg;3071;27d03215a7ff29def38f2486788343c05dc3bb12eda89e58c5b9307f51088b63
moko/emoji/svg/19_labview.svg;MOKO/02_Telegram/02_Эмодзи_24/svg/19_labview.svg;1104;ec32c511a7ea9df24c1f95d6a18bacddb52be11bc90079d9fa1ba69d59f47496
moko/emoji/svg/20_measurement.svg;MOKO/02_Telegram/02_Эмодзи_24/svg/20_measurement.svg;1135;deea3fa213df92799cb1f3d5639e370c2c178c09b5125053a57c62360e8433aa
moko/emoji/svg/21_hardware.svg;MOKO/02_Telegram/02_Эмодзи_24/svg/21_hardware.svg;1642;ea1ae24c2e19885f8502caa2ec7a8900426d5376950138336ef4dbb86705d5a3
moko/emoji/svg/22_moko_se.svg;MOKO/02_Telegram/02_Эмодзи_24/svg/22_moko_se.svg;4039;c6302e5e3904a92805a1e30acb5f185e2dd9d9b198c11dd1163bbe71c8476094
moko/emoji/svg/23_launch.svg;MOKO/02_Telegram/02_Эмодзи_24/svg/23_launch.svg;1011;30c66bc345fa41133d7fb4e1dfca689a6fa67cd1a6b71547be042ed9b328993e
moko/emoji/svg/24_moko.svg;MOKO/02_Telegram/02_Эмодзи_24/svg/24_moko.svg;1227;707ed19909dd6ebc2526c4ccdf8900cfadcb47bbd3c7578f6457f23a06ef6c54
moko/emoji/webp_100/01_youtube.webp;MOKO/02_Telegram/02_Эмодзи_24/webp_100/01_youtube.webp;4440;280b58810d566e86f23eb30303e2d1ad3da2cfaff9d6fec3a0a25229cc332b29
moko/emoji/webp_100/02_telegram.webp;MOKO/02_Telegram/02_Эмодзи_24/webp_100/02_telegram.webp;5658;5f71abfdee6d403f22ad65e9839e32432c7bc0b42d86b668a665500ee0c53d9b
moko/emoji/webp_100/03_like.webp;MOKO/02_Telegram/02_Эмодзи_24/webp_100/03_like.webp;5064;6129d3951329077ee13d98a849413e0fcae1439d01b5b3c6d9f23a7d5b45b3c9
moko/emoji/webp_100/04_dislike.webp;MOKO/02_Telegram/02_Эмодзи_24/webp_100/04_dislike.webp;4716;8d13ecd4a389b13b4c27fb4c85da2dca38a4eeb9eebc5de764bfa4c43f40676d
moko/emoji/webp_100/05_heart.webp;MOKO/02_Telegram/02_Эмодзи_24/webp_100/05_heart.webp;4608;70c86878884917eb63011ab56ccc6a66237ca9d00cd53054cec00a2fb9fe3df2
moko/emoji/webp_100/06_fire.webp;MOKO/02_Telegram/02_Эмодзи_24/webp_100/06_fire.webp;6074;ff0b33b56c002bb3d1968793c688d0c48f63b798c6c89663642b5617d6883dbb
moko/emoji/webp_100/07_smile.webp;MOKO/02_Telegram/02_Эмодзи_24/webp_100/07_smile.webp;4438;598930d35667efa909fb5295cbe6a02c62b98d717021f774e2c43dbc6eccee61
moko/emoji/webp_100/08_laugh.webp;MOKO/02_Telegram/02_Эмодзи_24/webp_100/08_laugh.webp;6142;39d85081fe26d450445dff635e84bb5bb3d3e9c542ecbeb02340e4c0076bb0de
moko/emoji/webp_100/09_wink.webp;MOKO/02_Telegram/02_Эмодзи_24/webp_100/09_wink.webp;4692;2aa1b23d2fca246970d78296ef4df9e7c4ece4ad1254f6e7c205d22d79172223
moko/emoji/webp_100/10_thanks.webp;MOKO/02_Telegram/02_Эмодзи_24/webp_100/10_thanks.webp;7242;e03f435ec55b20ad0d14c6a25aefc34151a6c098bd379ddbdd0540ccb407d5f4
moko/emoji/webp_100/11_done.webp;MOKO/02_Telegram/02_Эмодзи_24/webp_100/11_done.webp;4652;7fcbdfe2754cf55ad84ff493fba0bac7aff9e72bd29fd179efa62f66953d8020
moko/emoji/webp_100/12_error.webp;MOKO/02_Telegram/02_Эмодзи_24/webp_100/12_error.webp;3656;54e14b31b8ab995008b72ba3036c3d26a8fc5338bb2e40c2ff15a59fc0d2e5c9
moko/emoji/webp_100/13_question.webp;MOKO/02_Telegram/02_Эмодзи_24/webp_100/13_question.webp;4738;dbc9d051db332406dcd6e7629af3d062386f08a506d8bfdb39ebf36d04de6f86
moko/emoji/webp_100/14_attention.webp;MOKO/02_Telegram/02_Эмодзи_24/webp_100/14_attention.webp;4616;021948748adced143d67ad4435010236dc5288cca285d9399e3ed3692cc38842
moko/emoji/webp_100/15_wait.webp;MOKO/02_Telegram/02_Эмодзи_24/webp_100/15_wait.webp;5928;92ef0c55efdb05813752eeae6417271cf724711f5657359bbb4b5ac9d8f22343
moko/emoji/webp_100/16_idea.webp;MOKO/02_Telegram/02_Эмодзи_24/webp_100/16_idea.webp;6124;173ea23c252b7392ebe157f10ae158cf0c709a5306ff293c170bb074a65fa2d8
moko/emoji/webp_100/17_code.webp;MOKO/02_Telegram/02_Эмодзи_24/webp_100/17_code.webp;5004;04ea7a7b67ec470bcefc75fdd60cc52f33730a405c3c36598ed9e5c19f2c40f9
moko/emoji/webp_100/18_python.webp;MOKO/02_Telegram/02_Эмодзи_24/webp_100/18_python.webp;5460;eb92ff6c03e5149ada04e9b4c48088ccd28666eee2ed96456d417337d6d84f49
moko/emoji/webp_100/19_labview.webp;MOKO/02_Telegram/02_Эмодзи_24/webp_100/19_labview.webp;4386;3349c2ffbee2f9d9de0a6e264ea0c862fcad9ee7e1faf910a27eadb278614353
moko/emoji/webp_100/20_measurement.webp;MOKO/02_Telegram/02_Эмодзи_24/webp_100/20_measurement.webp;5892;4ca7df1038e5224e33b5b03402498fb08c148934ad36afc01ecd0d439d4899ef
moko/emoji/webp_100/21_hardware.webp;MOKO/02_Telegram/02_Эмодзи_24/webp_100/21_hardware.webp;4602;9bdb438029736b7cda17a505e6b74b1258dd1650790ebae29d76070d40b085a2
moko/emoji/webp_100/22_moko_se.webp;MOKO/02_Telegram/02_Эмодзи_24/webp_100/22_moko_se.webp;5808;3acd60a6a98df5019be6f41227ac6f13154e3fd7620172b3ce6ebd63c0dcdaaa
moko/emoji/webp_100/23_launch.webp;MOKO/02_Telegram/02_Эмодзи_24/webp_100/23_launch.webp;5962;f06cf32744194802062e7aec2dcc4d581e951a97078c9d0e5e0550712ff2c65d
moko/emoji/webp_100/24_moko.webp;MOKO/02_Telegram/02_Эмодзи_24/webp_100/24_moko.webp;5330;7d605aa0d662e5e2d17a80547dabaedd062a6b004cd187caf94c43e2d65fbafd
moko/emoji/Привязка_эмодзи.csv;MOKO/02_Telegram/02_Эмодзи_24/Привязка_эмодзи.csv;1535;93522e2309318cae8e5d2b01679ca5ed6658596089808c977f54e705b9977c61
moko/final/MOKO_Все_обложки.html;MOKO/01_YouTube/01_Обложки_94/MOKO_Все_обложки.html;2861776;83aabbaadbb4a63e7a5d6f2e018c65a1071e0eb8467113c54794b8e722478e0d
moko/final/MOKO_Полный_комплект_94.zip;MOKO/01_YouTube/01_Обложки_94/MOKO_Полный_комплект_94.zip;9526530;287c77a28a2474153d949b0686c0fbe84f46f36d202033ad866bbdc16827255c
moko/final/QA.json;MOKO/99_Технические_материалы/Рабочий_код_и_данные/moko/final/QA.json;413;ad94eb7721c423a59db4b431e740367a6501135db8d96a12ad33d0ec4a07d99d
moko/final/README.txt;MOKO/01_YouTube/01_Обложки_94/README.txt;2616;4e17e3c38c154feb574ade26b9a0bfc72114323663ccb98d88219ca9043dbe51
moko/final/assets/clicker.jpg;MOKO/99_Технические_материалы/Рабочий_код_и_данные/moko/final/assets/clicker.jpg;57934;8270fab2d7ae25c5d1859af8f5117aafcb4c0da4f4a1f86edafcffb6838529b0
moko/final/assets/cloud.jpg;MOKO/99_Технические_материалы/Рабочий_код_и_данные/moko/final/assets/cloud.jpg;57116;0ca95beb296d7992c4f034e5930b4d3e7a659bcf605c52628913d3f09dd86386
moko/final/assets/media.jpg;MOKO/99_Технические_материалы/Рабочий_код_и_данные/moko/final/assets/media.jpg;89206;05f385467ea292681fd6c6da7b8011fcb7367a50e929ea1d4520c22f076049e7
moko/final/assets/module_tools.jpg;MOKO/99_Технические_материалы/Рабочий_код_и_данные/moko/final/assets/module_tools.jpg;54372;1c657f33c43983de0292499289f0d37e414210f94cb8d9482f6f71056643c6bf
moko/final/assets/server.jpg;MOKO/99_Технические_материалы/Рабочий_код_и_данные/moko/final/assets/server.jpg;77542;8057a6697e1955e6c12cc13ef8b45e9b0026802c2a78e5f504f7d3d166ddafb7
moko/final/briefs/browser_setup.log;MOKO/99_Технические_материалы/Рабочий_код_и_данные/moko/final/briefs/browser_setup.log;4536;82a2d9c8b2f3c489a6c034bd7a49abb520ef97e35f48093bfa0cebe3be2287b6
moko/final/briefs/new_76.json;MOKO/99_Технические_материалы/Рабочий_код_и_данные/moko/final/briefs/new_76.json;50132;941c28d7e8c16f2ee46428a512a5f53e2fcef92e6388c79e63199c02e847d209
moko/final/build_gallery_package.py;MOKO/99_Технические_материалы/Рабочий_код_и_данные/moko/final/build_gallery_package.py;15385;546a9baec3225a1e871a062f3406fa79c3ec2e7e7cda35157468051cc5f9a39b
moko/final/docs/MOKO_Итоговая_карта_плейлистов.docx;MOKO/01_YouTube/01_Обложки_94/docs/MOKO_Итоговая_карта_плейлистов.docx;49421;ff824f795a8e1877f2e8df1f0acae978dce71ababa6631bc10cf594db4b42946
moko/final/docs/MOKO_Правила_обработки_обложек_v2.docx;MOKO/01_YouTube/01_Обложки_94/docs/MOKO_Правила_обработки_обложек_v2.docx;432266;767bb51cbf8fe2734619c02c2185abc9c1f77485634725aba17fcdf361b6f795
moko/final/docs/MOKO_Реестр_94_видео.csv;MOKO/01_YouTube/01_Обложки_94/docs/MOKO_Реестр_94_видео.csv;112976;e52c1f0f77386e10dd1a661291e324d251672be5b0743d9335a256fbf4b69e3a
moko/final/docs/MOKO_Реестр_94_видео_финальный.xlsx;MOKO/01_YouTube/01_Обложки_94/docs/MOKO_Реестр_94_видео_финальный.xlsx;57458;4825779408a9a37b9629432154a66e9416644bc7d31eaf261c5ea41f7534f991
moko/final/docs/README.txt;MOKO/01_YouTube/01_Обложки_94/docs/README.txt;535;c2e48bb8f013a0bbcd30ca6621747680c0cc3ecfdf07e900dc6c1c2c763a96f7
moko/final/finish_documents.py;MOKO/99_Технические_материалы/Рабочий_код_и_данные/moko/final/finish_documents.py;23904;2abd65a09a28e0aa53ae7b3a8301eb1baf28bd10a0ef15ee6618d44d597219fe
moko/final/index.html;MOKO/01_YouTube/01_Обложки_94/index.html;85321;03caf42d34e0d2a307a2ade2be5af23411a8406d91ed9983e6faf157b151a3cf
moko/final/make_boards.py;MOKO/99_Технические_материалы/Рабочий_код_и_данные/moko/final/make_boards.py;1133;28a2a3b29a35d034e08ad458066ad31b21fa12888c1c540c9daafa3f6958627c
moko/final/registry_final.json;MOKO/99_Технические_материалы/Рабочий_код_и_данные/moko/final/registry_final.json;157650;9a23fffb9315ea070340232b53050dbae18561d44a5442200a5cf3c5d9818982
moko/final/render_remaining.py;MOKO/99_Технические_материалы/Рабочий_код_и_данные/moko/final/render_remaining.py;26034;8feacc95673d9e5d6dbdc62f491de2b7fc8b809be1b7697091a7172c7c37c313
moko/final/shorts/69rZmdvcS_8.jpg;MOKO/01_YouTube/01_Обложки_94/shorts/69rZmdvcS_8.jpg;226913;25d61e93b272ebf8fa72e18311aa0fab06ffa629862498eccf0ccbd991749de5
moko/final/shorts/IQ2V9DLpqjg.jpg;MOKO/01_YouTube/01_Обложки_94/shorts/IQ2V9DLpqjg.jpg;154046;0b7c6d90294ef81bb302cea748d023fc0e768341684b202731cbc82420ac667f
moko/github/MOKO_GitHub.svg;MOKO/03_GitHub/01_Аватар_организации/MOKO_GitHub.svg;4574;f16c0bc5e49824602bd70421844423ac276d9024085b38ad665535503a91308e
moko/github/MOKO_GitHub_1024.png;MOKO/03_GitHub/01_Аватар_организации/MOKO_GitHub_1024.png;103785;f7223323775ab2f8bda76f3b4b3788c2057a22879c24b9645df4e78b1e5de23a
moko/github/MOKO_GitHub_512.png;MOKO/03_GitHub/01_Аватар_организации/MOKO_GitHub_512.png;46953;e5ea6a44ab76cafa5f4039a4f323ff0a388bcc8a5882cfe4237bc7555e0b886d
moko/github/MOKO_GitHub_Аватар.zip;MOKO/03_GitHub/01_Аватар_организации/MOKO_GitHub_Аватар.zip;230787;ddf240e3088413ae3ece2f9585aaa58bd4de918205f8af254ed3a4904dc43656
moko/github/MOKO_GitHub_Превью.jpg;MOKO/03_GitHub/01_Аватар_организации/MOKO_GitHub_Превью.jpg;94285;88067d77f380e2234a0cd53ad21e02953776310ffb43859616d4002469f94c1c
moko/github/README.txt;MOKO/03_GitHub/01_Аватар_организации/README.txt;920;cef3d2480fe59096eebfb79494cbb87ebd7cab60ba716aace8602641aeaf7519
moko/github/source/QA.json;MOKO/99_Технические_материалы/Рабочий_код_и_данные/moko/github/source/QA.json;566;563de78d90ff400216a060467960b0f39766ae9c8af5138bb5f18ef9091aeff5
moko/github/source/build.py;MOKO/99_Технические_материалы/Рабочий_код_и_данные/moko/github/source/build.py;4728;0cb4574123c5133d8c21be5d6b09fd75fd1c2352fef783bfaf9fde050d78b08a
moko/inspect_site.py;MOKO/99_Технические_материалы/Рабочий_код_и_данные/moko/inspect_site.py;807;e4cb69b84d7825c8a392ade2aee697c4b425265bad038228aa2d7b1715cddd4c
moko/make_comparison.py;MOKO/99_Технические_материалы/Рабочий_код_и_данные/moko/make_comparison.py;1098;b52f8d8653434bc7f603d1ede8a86bfadea129c0b5ee9ac265494d4f354ebadb
moko/originals/-WRagVBYLxg.jpg;MOKO/01_YouTube/80_Исходные_обложки_YouTube/-WRagVBYLxg.jpg;89562;e0a282517468be15de291716ab1794cb4827cafc986761154b0973c9956caeb6
moko/originals/0M9TZE58Ryg.jpg;MOKO/01_YouTube/80_Исходные_обложки_YouTube/0M9TZE58Ryg.jpg;153721;696d5a36256440bdf6a1aba48b829d24f235eb686ac8996e34335bfc6e2c0207
moko/originals/0Y3moGLIZbM.jpg;MOKO/01_YouTube/80_Исходные_обложки_YouTube/0Y3moGLIZbM.jpg;77349;1efcd84e6483e569ec6afb6eb47d08cb5c594ffc912a2cf8274adbcee349e5ed
moko/originals/1CXaEv7QwuE.jpg;MOKO/01_YouTube/80_Исходные_обложки_YouTube/1CXaEv7QwuE.jpg;86968;b1b5fc9461ef69942c209cc077f70a07cdf9342e4661e97e121a4557b669ddc6
moko/originals/24djPbWsmM8.jpg;MOKO/01_YouTube/80_Исходные_обложки_YouTube/24djPbWsmM8.jpg;124848;52caaa64f2cf87d4638d4bcd7ed7a1aeab127b531ebd13133d3af98d11c7c21e
moko/originals/2BudDX-Tjqc.jpg;MOKO/01_YouTube/80_Исходные_обложки_YouTube/2BudDX-Tjqc.jpg;97300;14264f01b2145783b4a39034f683d26b9a1125e213ee7c9f4432953b27b78991
moko/originals/4Ot8GxQA6Yc.jpg;MOKO/01_YouTube/80_Исходные_обложки_YouTube/4Ot8GxQA6Yc.jpg;67874;41a7a217605d6cd1c6458799a97548bcd05e8dd7c93b18fb7838d2ced074d19e
moko/originals/4jCy0mh3E9s.jpg;MOKO/01_YouTube/80_Исходные_обложки_YouTube/4jCy0mh3E9s.jpg;159946;21d8378c7b7e11087781171a3b7eae6ea25df8aac53069c201c5637751497adc
moko/originals/5Lm54uJEyL8.jpg;MOKO/01_YouTube/80_Исходные_обложки_YouTube/5Lm54uJEyL8.jpg;72748;48036a618afd9065ed987cc1e9d1cb316208807cbfa68b8b3b5d7a993be49687
moko/originals/69rZmdvcS_8.jpg;MOKO/01_YouTube/80_Исходные_обложки_YouTube/69rZmdvcS_8.jpg;37638;41a20844a5cf015ed156115820456f7f2435093a29e4d8dd8c867750381798b7
moko/originals/6s3BE6TtCD4.jpg;MOKO/01_YouTube/80_Исходные_обложки_YouTube/6s3BE6TtCD4.jpg;125252;053919300709405d292ddf81f0f04fa1935d4d6bb731a2d49c2a9f2a507952a1
moko/originals/7DngQ_kX12M.jpg;MOKO/01_YouTube/80_Исходные_обложки_YouTube/7DngQ_kX12M.jpg;103484;ab12fac4322d825ad8524ed168e8158fd0ec7e4b1dc2aff47794e9a87cb4228a
moko/originals/7YQ0j-HUuOs.jpg;MOKO/01_YouTube/80_Исходные_обложки_YouTube/7YQ0j-HUuOs.jpg;88632;9b0c0ca180ec68b524bc520d18390d6645cb93f39992198f1e01b7edd4e83faa
moko/originals/9EyE3bgGmZo.jpg;MOKO/01_YouTube/80_Исходные_обложки_YouTube/9EyE3bgGmZo.jpg;79325;523743c6819f2496c5eb03c3f4a1b3bd99daceb2c5ac8ff6cda228fd270daa95
moko/originals/9IOlJ_qBQ74.jpg;MOKO/01_YouTube/80_Исходные_обложки_YouTube/9IOlJ_qBQ74.jpg;98881;f4d560c94364ca3a2dce5d98386e0f17b93e2207b97add9253c826f9696f62f3
moko/originals/9QniN5XarQo.jpg;MOKO/01_YouTube/80_Исходные_обложки_YouTube/9QniN5XarQo.jpg;98410;6e6e554f55da57cfbeae4af76bb39dd13a3eb346b40d76d65b7194929273dbae
moko/originals/9sQpjOUh7f4.jpg;MOKO/01_YouTube/80_Исходные_обложки_YouTube/9sQpjOUh7f4.jpg;119263;e690ade82d322a987a3a9ce155e0f5b8d441986f002a646d61729a84df794cf9
moko/originals/AFPlbt1Zhhw.jpg;MOKO/01_YouTube/80_Исходные_обложки_YouTube/AFPlbt1Zhhw.jpg;112624;0e0d5513a79f631c71cfa0699faa22d04b68684376b16ab2eb7ba199dab6165a
moko/originals/ASLRmlpA5Xw.jpg;MOKO/01_YouTube/80_Исходные_обложки_YouTube/ASLRmlpA5Xw.jpg;91996;97776b56a8aab0bdaf1758d7d6aa7b7956572ca2c5c876f55e0fd9c3b1584b4a
moko/originals/BSgXt5addDM.jpg;MOKO/01_YouTube/80_Исходные_обложки_YouTube/BSgXt5addDM.jpg;97238;64866a5a3a91f2af9ad9f27b0df99475cb68d248cdf6957974840d0857a993cd
moko/originals/CllBnT_-hKs.jpg;MOKO/01_YouTube/80_Исходные_обложки_YouTube/CllBnT_-hKs.jpg;136220;25584559b8f5c2f191b6ef6ee76116f91e415294355e37ebacb4f570e1ce68c8
moko/originals/DStpNxJKxiI.jpg;MOKO/01_YouTube/80_Исходные_обложки_YouTube/DStpNxJKxiI.jpg;80822;8fb2284bd6c6fa9a9f10a9311a4a63a5942726b1c63ea11f001891ba233b0218
moko/originals/E2Wj5L17Oxo.jpg;MOKO/01_YouTube/80_Исходные_обложки_YouTube/E2Wj5L17Oxo.jpg;91226;c4cdb622eb26f19e7894f5f0721a4f6fd08b144a37659051446b6edd07d80c0c
moko/originals/EsLUSn9RDL4.jpg;MOKO/01_YouTube/80_Исходные_обложки_YouTube/EsLUSn9RDL4.jpg;110048;57a6d17e96c9a86302603ee8d6897021415345e2e76b7833999e52f9104429f1
moko/originals/FKGsam4DP6w.jpg;MOKO/01_YouTube/80_Исходные_обложки_YouTube/FKGsam4DP6w.jpg;86284;02d3e61a52de22729e78566e482c6aada1c7cab90beb393e4a1dff613eac7a7b
moko/originals/GxL-DZFXYQY.jpg;MOKO/01_YouTube/80_Исходные_обложки_YouTube/GxL-DZFXYQY.jpg;76920;7f31d1517bdd377d2f6260642a11df9bf99c22141b6adc898e0b878f4fa1fa60
moko/originals/HEmNyEcmrZY.jpg;MOKO/01_YouTube/80_Исходные_обложки_YouTube/HEmNyEcmrZY.jpg;89366;5c67c834b5490a152207408f9f0c38603a521ecb0fa18dd4d4f2b64742706b90
moko/originals/IQ2V9DLpqjg.jpg;MOKO/01_YouTube/80_Исходные_обложки_YouTube/IQ2V9DLpqjg.jpg;70482;95485bf64b9ca3083097be9909c8f5c2194db5b2f81c1874852a8dcf93242cd7
moko/originals/J_5qLMX5uNs.jpg;MOKO/01_YouTube/80_Исходные_обложки_YouTube/J_5qLMX5uNs.jpg;108584;934a7c4bd050a087d3ffa93dac7610b13bd678d1cfadb6b0d4379c17356c3820
moko/originals/KmLxID8LONo.jpg;MOKO/01_YouTube/80_Исходные_обложки_YouTube/KmLxID8LONo.jpg;104507;eacbd8aac3d5dd05071f9b6c1687f4e9841d4970e9e2bd0c2c3791fba2d43051
moko/originals/L8DhEf9Mquo.jpg;MOKO/01_YouTube/80_Исходные_обложки_YouTube/L8DhEf9Mquo.jpg;177462;127d0b4c937ebaba4b3342a8905b95895f05c188bfba92c695bc86e17bc248c9
moko/originals/LXg7Ql5Aye0.jpg;MOKO/01_YouTube/80_Исходные_обложки_YouTube/LXg7Ql5Aye0.jpg;103318;d4c513d2f3cc890b53e385f12ed197f5e1a726a1e4e2ef65502bde34c95707b1
moko/originals/MSGRIN6oUZQ.jpg;MOKO/01_YouTube/80_Исходные_обложки_YouTube/MSGRIN6oUZQ.jpg;125594;af374a133e8c1b994401d01fd2239d10ac76a06759b03fd01c847877ed223087
moko/originals/OhPQyqKovhA.jpg;MOKO/01_YouTube/80_Исходные_обложки_YouTube/OhPQyqKovhA.jpg;174122;4b23eb5009bb46d202db7abacc915ee3a49bb824db139b28b5b4785366674a98
moko/originals/OmXJkxET17k.jpg;MOKO/01_YouTube/80_Исходные_обложки_YouTube/OmXJkxET17k.jpg;125677;37efa94a1d5b9fba4f2e14c303efaa63b448cd628c42bebab9de19c25391a670
moko/originals/POZUZuiS7cI.jpg;MOKO/01_YouTube/80_Исходные_обложки_YouTube/POZUZuiS7cI.jpg;106091;40305ee09769eb050eb7bc2077d25f1c6994af0dac331783635860964a29220e
moko/originals/PwvxyezgN9U.jpg;MOKO/01_YouTube/80_Исходные_обложки_YouTube/PwvxyezgN9U.jpg;116531;d845b915ed91f89e46c0c4c433fc6313eb1b30fe2160c695f5c3b84dc808d8a5
moko/originals/S1q0p8HLVqY.jpg;MOKO/01_YouTube/80_Исходные_обложки_YouTube/S1q0p8HLVqY.jpg;83046;b32827092deb4dab5d941b83b42bffcd548b4bee1457a1bc9f41e617ca8db5e1
moko/originals/S3gTxhKKBOs.jpg;MOKO/01_YouTube/80_Исходные_обложки_YouTube/S3gTxhKKBOs.jpg;94082;9f83d8f8daacc72f1393ab690db07469c8863634e7f4fc8c2cd5370e524fed73
moko/originals/Sz_qOev_6Y0.jpg;MOKO/01_YouTube/80_Исходные_обложки_YouTube/Sz_qOev_6Y0.jpg;87051;12e59bac603e60cb399227b1efd640ebaf70fc61ba7922c4ebd031ce6e9eda15
moko/originals/Szt2Qw5Gb7o.jpg;MOKO/01_YouTube/80_Исходные_обложки_YouTube/Szt2Qw5Gb7o.jpg;138340;6d709aafb7329afafd92cc41c5e588b31c6aa19f30dbffd978b15ddfc7285ced
moko/originals/T-uG-K0wJdg.jpg;MOKO/01_YouTube/80_Исходные_обложки_YouTube/T-uG-K0wJdg.jpg;97087;ec28271b2f31bc726c7800df73c681dff2bdafb44b64c18619c3871e01e816e0
moko/originals/TSAL-e7zO8Q.jpg;MOKO/01_YouTube/80_Исходные_обложки_YouTube/TSAL-e7zO8Q.jpg;118710;23bf5640a5be5fec35f100df7c367cb422870a860bb594a6d342a8f51bbdbd96
moko/originals/Tiff450MBJ4.jpg;MOKO/01_YouTube/80_Исходные_обложки_YouTube/Tiff450MBJ4.jpg;81850;fe5134ccc2e1cdea87f9714bf6317f569f55198cdf3d12375ab4938034fbcb40
moko/originals/U2Y2vPSSbLE.jpg;MOKO/01_YouTube/80_Исходные_обложки_YouTube/U2Y2vPSSbLE.jpg;106630;c032480c0a2d67be40010cbb9e2a62af4a3b41d7c7f0e60815902a4bff10f3ee
moko/originals/UO_n5resEjA.jpg;MOKO/01_YouTube/80_Исходные_обложки_YouTube/UO_n5resEjA.jpg;89293;183d6c9b413b103b9aeb2914241a8d3b02c58561daaeb3c7ebef62b960dc90ca
moko/originals/VeR-7cU_-Mc.jpg;MOKO/01_YouTube/80_Исходные_обложки_YouTube/VeR-7cU_-Mc.jpg;119925;ce9d8197433f1c4e2676599a95480f7c25770fba8c93ca5122d4f4cc3cf921fd
moko/originals/VoaZTXhmnmM.jpg;MOKO/01_YouTube/80_Исходные_обложки_YouTube/VoaZTXhmnmM.jpg;114004;4658052e764ae574fbbecad74ee56d0704be217545d14fa7764db7b745c501af
moko/originals/VzMZ4ohlJhI.jpg;MOKO/01_YouTube/80_Исходные_обложки_YouTube/VzMZ4ohlJhI.jpg;113807;f892427191a36ffd32b5849292d7aaa48a9e4ede734ade48b9a0e23e7dbe4908
moko/originals/WY41Ggzugy4.jpg;MOKO/01_YouTube/80_Исходные_обложки_YouTube/WY41Ggzugy4.jpg;148836;5513b34d2db82aa8801d12f50541b194363624b8d7f9eda2e362825941ef551e
moko/originals/XoFGTU8Kovk.jpg;MOKO/01_YouTube/80_Исходные_обложки_YouTube/XoFGTU8Kovk.jpg;114475;22628b8b83943df271232dc2011ab821e29b06b39733f69074d02fb8c951a28f
moko/originals/Z8M26IEMpOQ.jpg;MOKO/01_YouTube/80_Исходные_обложки_YouTube/Z8M26IEMpOQ.jpg;94624;92c330ec3003773c2032a8d1b0ec5114d44f8259799b7630065adb5794411c73
moko/originals/a6cwVJ20iwU.jpg;MOKO/01_YouTube/80_Исходные_обложки_YouTube/a6cwVJ20iwU.jpg;142477;a9f6e2636d7ff18011f79a27fe8f29ff5fba9897c87f18155f616489b3bf6167
moko/originals/aSjRYZWMfjc.jpg;MOKO/01_YouTube/80_Исходные_обложки_YouTube/aSjRYZWMfjc.jpg;90672;957963f9f6ccee320b36aaa837e4960bff2d708199db42731abb1d15b9a1adc0
moko/originals/b5zjy0PHU0s.jpg;MOKO/01_YouTube/80_Исходные_обложки_YouTube/b5zjy0PHU0s.jpg;101756;329e2948e9f0de402633e883638e5e78ad650b07a4ade1b41ab1b236bb3c6054
moko/originals/c1p5m_dTpdo.jpg;MOKO/01_YouTube/80_Исходные_обложки_YouTube/c1p5m_dTpdo.jpg;94350;17db5b4b0f6b06c095602d4ac25332d2cd7e9883037e4c612e83d62e291a9308
moko/originals/cA1GXKStbMA.jpg;MOKO/01_YouTube/80_Исходные_обложки_YouTube/cA1GXKStbMA.jpg;67862;806f4e912b6564d91bc4d0214859c1994c4724a671db6861ab8af1437cbcaf7e
moko/originals/crbctMTtlG8.jpg;MOKO/01_YouTube/80_Исходные_обложки_YouTube/crbctMTtlG8.jpg;108049;5c879aee09542e25d4b4082d111ad8cda163e3bb50b30d33a2fb9b767e756649
moko/originals/dOhiPXQIljo.jpg;MOKO/01_YouTube/80_Исходные_обложки_YouTube/dOhiPXQIljo.jpg;127040;8013dc88da0359a39ed5bde317ccce117639ca23a91b9c7f8763224fb995fbf0
moko/originals/e_2bLrqE6sk.jpg;MOKO/01_YouTube/80_Исходные_обложки_YouTube/e_2bLrqE6sk.jpg;120407;7ce613a22f758db018c2b91742efed377a5432daef8de045ae127b4268a59d43
moko/originals/egIx1gEHksA.jpg;MOKO/01_YouTube/80_Исходные_обложки_YouTube/egIx1gEHksA.jpg;82354;eb10f81e195ecfe1da9dade5a4cfcb0ea7fbfc1e128c7897ed53913f37baaee1
moko/originals/ex8ibsNSCiA.jpg;MOKO/01_YouTube/80_Исходные_обложки_YouTube/ex8ibsNSCiA.jpg;152754;053b4eb5b28950195f38a1104601a4e6ae2fceaff5d6362ee194347d46b09186
moko/originals/fXtQYcZJ7tA.jpg;MOKO/01_YouTube/80_Исходные_обложки_YouTube/fXtQYcZJ7tA.jpg;96920;9c438792fd411137e8cbd93c20c5970edee7a234ab54304c4acf4ab63f0450e6
moko/originals/feEv04DYWbA.jpg;MOKO/01_YouTube/80_Исходные_обложки_YouTube/feEv04DYWbA.jpg;140674;b2fe8126d06157ce468902cebb7fbbd97202b782183e39d8fa0120edc1f43735
moko/originals/gWQBcpK8X5A.jpg;MOKO/01_YouTube/80_Исходные_обложки_YouTube/gWQBcpK8X5A.jpg;107786;6e2430e54c9ecdb6c15c9c2d014c00b50eb0da259307a2c94cd8fa5f045fff93
moko/originals/gb45P9-3Yfk.jpg;MOKO/01_YouTube/80_Исходные_обложки_YouTube/gb45P9-3Yfk.jpg;132436;641e52df76b4ff14c86c87b803eadac4551eaddc0706be5456c56fa113bd7b20
moko/originals/hirOeoPDYvY.jpg;MOKO/01_YouTube/80_Исходные_обложки_YouTube/hirOeoPDYvY.jpg;88125;730ee2407fe246da8d515c30f2c632751ecc5b6125ae911ddfd945dcc909d7c0
moko/originals/i3N3CFncdw8.jpg;MOKO/01_YouTube/80_Исходные_обложки_YouTube/i3N3CFncdw8.jpg;212288;f8e29fe83c13e89d22fbd8c7d36173592cf363c9010f6d830bc9321545eee075
moko/originals/jR89eqIiAGM.jpg;MOKO/01_YouTube/80_Исходные_обложки_YouTube/jR89eqIiAGM.jpg;106823;10e79a90743a8c616d7c87778cafa354fbc9e08ad328e85b0a1d60fa930f173b
moko/originals/jq_D-9nsomg.jpg;MOKO/01_YouTube/80_Исходные_обложки_YouTube/jq_D-9nsomg.jpg;97695;06423233ae3aeea1b2409629f7558463d383a788413ef05599fec92ed9847094
moko/originals/koGtgs5iNfk.jpg;MOKO/01_YouTube/80_Исходные_обложки_YouTube/koGtgs5iNfk.jpg;84423;b5563a0cb202c0304a04342fc3c422662895daccd0380c08953ce8c0c575e695
moko/originals/kuzcOBW11rk.jpg;MOKO/01_YouTube/80_Исходные_обложки_YouTube/kuzcOBW11rk.jpg;90819;e2543cc6c86b76e43baf063ee7a9031786d8d356d0071a4416c069e7f7c88a6e
moko/originals/l3xewCeguhM.jpg;MOKO/01_YouTube/80_Исходные_обложки_YouTube/l3xewCeguhM.jpg;138340;6d709aafb7329afafd92cc41c5e588b31c6aa19f30dbffd978b15ddfc7285ced
moko/originals/lSWbtmhcpfc.jpg;MOKO/01_YouTube/80_Исходные_обложки_YouTube/lSWbtmhcpfc.jpg;71080;0346c1e6528cdb7e50644ec1d71d200b5692eba0b62d2eff881867c979ddd9ea
moko/originals/m96Fj9w5RGw.jpg;MOKO/01_YouTube/80_Исходные_обложки_YouTube/m96Fj9w5RGw.jpg;94562;2a23a6dfd2e497640a583b737f1bdb9dde0f0e8aa9d98d7129e40883b2f0bb67
moko/originals/nnktD99huyE.jpg;MOKO/01_YouTube/80_Исходные_обложки_YouTube/nnktD99huyE.jpg;175016;bdcf500e1be42ff23f4541a9e45a5f010992db3bb7a1c2288430087fc8573f86
moko/originals/oJktpGbr7WA.jpg;MOKO/01_YouTube/80_Исходные_обложки_YouTube/oJktpGbr7WA.jpg;95182;ddd52f0896053680a915c1a8b2a95ab6fdbd807d5d4271c7c31a890e6a0bd4db
moko/originals/oUseu_82YBM.jpg;MOKO/01_YouTube/80_Исходные_обложки_YouTube/oUseu_82YBM.jpg;91398;02362a1775c7f26e0d17d6d0ed37e0964ea065d910e7779de2b1890cdeb0e54a
moko/originals/opy_PhgdODo.jpg;MOKO/01_YouTube/80_Исходные_обложки_YouTube/opy_PhgdODo.jpg;108842;f7c5ab96a11c4133c06b37bf79dd94680612f61edd8f9030acce520bad144e97
moko/originals/pzxfkmvQW2U.jpg;MOKO/01_YouTube/80_Исходные_обложки_YouTube/pzxfkmvQW2U.jpg;99024;6cf554ecb7569c16a4df1d6a59a0d6bd270848ed31f727e6f4a784bf72343036
moko/originals/q8obUwFp1m8.jpg;MOKO/01_YouTube/80_Исходные_обложки_YouTube/q8obUwFp1m8.jpg;107344;cc432f7c4173197bef53abe8689a19a05cd985eb17e370b1b6ac885615d5d8ac
moko/originals/rSy3uobcJwU.jpg;MOKO/01_YouTube/80_Исходные_обложки_YouTube/rSy3uobcJwU.jpg;95434;80141dab3efdaa7a3ba5c7de0a355bbe915d919483ccaffc59268deb8932d372
moko/originals/shP4XNNsC6Q.jpg;MOKO/01_YouTube/80_Исходные_обложки_YouTube/shP4XNNsC6Q.jpg;106298;5ab724b6c97035d30a396c3496f477dcff9f8aa238bb8631ab4b6d09b018913d
moko/originals/sv1_km5KX00.jpg;MOKO/01_YouTube/80_Исходные_обложки_YouTube/sv1_km5KX00.jpg;91166;599deda57ff2cd6e803e495af72e8d5d4fc2bd9259d1a180d8eac64d886456ca
moko/originals/t9HsjGb3dFs.jpg;MOKO/01_YouTube/80_Исходные_обложки_YouTube/t9HsjGb3dFs.jpg;114908;74ddbd8dfd4f457a8c3616e25901cd00db625c19390c5717ee2b58b4d1d37dc4
moko/originals/tXsjlxHMt6Y.jpg;MOKO/01_YouTube/80_Исходные_обложки_YouTube/tXsjlxHMt6Y.jpg;99944;4d6b62ca8e579bee5305310127f93cf7f06989234c2e26567aa79dcd36102ef4
moko/originals/tgIy0Ra-mn0.jpg;MOKO/01_YouTube/80_Исходные_обложки_YouTube/tgIy0Ra-mn0.jpg;95060;edd88bf0b39b2cf5e1c4f377cca250274b5ab1e264d2a3b1ac273b42bf5973d3
moko/originals/tpdw4fKgaEg.jpg;MOKO/01_YouTube/80_Исходные_обложки_YouTube/tpdw4fKgaEg.jpg;98718;a7bff81ff0693b707190552f2b67fe01065244ddf3d0ac79e19687295b48cc4b
moko/originals/w9YARQn9SFs.jpg;MOKO/01_YouTube/80_Исходные_обложки_YouTube/w9YARQn9SFs.jpg;99220;da09917b9858e4d35b26404be7316dad6d24adce7e13734a004711797755952a
moko/originals/xEI929oBzYg.jpg;MOKO/01_YouTube/80_Исходные_обложки_YouTube/xEI929oBzYg.jpg;126936;6b726ad93828592378c6fb712d7d578ceb7cfb3b6ede0e5685cfdeabc4a87743
moko/originals/xMjkBv8Qa10.jpg;MOKO/01_YouTube/80_Исходные_обложки_YouTube/xMjkBv8Qa10.jpg;82056;570ee8b7f9757b25615bc93299d457566fc93b9bd8554fc02d25f32342f4c6c2
moko/originals/zTD8sbNUeGU.jpg;MOKO/01_YouTube/80_Исходные_обложки_YouTube/zTD8sbNUeGU.jpg;116827;52902dc4921c435c938823f00f8ca99ad3930a6b99057918d82c60db71e51ee9
moko/originals/zdXMG-IOhjA.jpg;MOKO/01_YouTube/80_Исходные_обложки_YouTube/zdXMG-IOhjA.jpg;72992;7020922b8d367a5e7fc1906ba933766325e36503ad51b5b40f7eeafa553c0454
moko/originals/zv4wZlanZzg.jpg;MOKO/01_YouTube/80_Исходные_обложки_YouTube/zv4wZlanZzg.jpg;114699;70babacbcf7e670a9b8edee62626568d23854700204cccdbf64e4dc42b0525bb
moko/production/MOKO_Выпуск_01_12_обложек_и_документы.zip;MOKO/01_YouTube/90_Архив_этапов/10_Выпуск_12/MOKO_Выпуск_01_12_обложек_и_документы.zip;4839532;29fff2e7e27b7513a36fdd03221ced65ca1a8db7f214378e11bd7057a2da1fa0
moko/production/README.txt;MOKO/01_YouTube/90_Архив_этапов/10_Выпуск_12/README.txt;990;3d0ebdbc669dba6af6836ca25342182450f6d3e3e9e28f42b98c1b515f9f07f0
moko/production/all_12_preview.jpg;MOKO/01_YouTube/90_Архив_этапов/10_Выпуск_12/all_12_preview.jpg;804696;e0443b72dd3cc746576a0d8de6c1d72572ecbaee34f85064b69ba1dc12408676
moko/production/build_current.py;MOKO/99_Технические_материалы/Рабочий_код_и_данные/moko/production/build_current.py;6874;dee72961e7c851ac14802018a41094639124b8dc92cb45119bf011e9b1cde5fa
moko/production/package.py;MOKO/99_Технические_материалы/Рабочий_код_и_данные/moko/production/package.py;6833;dc26df9f309907dc72b49bf762765315fa5a8b4da9236d986b28c685766c6b7f
moko/production/preview_12.html;MOKO/01_YouTube/90_Архив_этапов/10_Выпуск_12/preview_12.html;2901269;2a27fd88edc018c8abcd60ca22b7b9a81ebe1089724398c75ae4931692bc3ffb
moko/production/thumbnails/-WRagVBYLxg.jpg;MOKO/01_YouTube/01_Обложки_94/thumbnails/-WRagVBYLxg.jpg;114761;eb6ce4402e1263081968c9f53215508d775ded1c94db7903bab1b185d7dec802
moko/production/thumbnails/0M9TZE58Ryg.jpg;MOKO/01_YouTube/01_Обложки_94/thumbnails/0M9TZE58Ryg.jpg;120467;179af77c41eaade8807a2c80c654e6e2cd6380531251a677a1d7e3ecc5e0af35
moko/production/thumbnails/0Y3moGLIZbM.jpg;MOKO/01_YouTube/01_Обложки_94/thumbnails/0Y3moGLIZbM.jpg;113711;4ef06ecdd47a83cae4262f5e53c26cc09ba1a0db64de3ca56ed108d51a61e9b6
moko/production/thumbnails/1CXaEv7QwuE.jpg;MOKO/01_YouTube/01_Обложки_94/thumbnails/1CXaEv7QwuE.jpg;107118;72c99424a762d07b53be81099cbf428b1dbeef4d232aa2cf4b04b94136ae0615
moko/production/thumbnails/24djPbWsmM8.jpg;MOKO/01_YouTube/01_Обложки_94/thumbnails/24djPbWsmM8.jpg;140377;0f53dbc843794e0fd9bfc9cf8d74cfbcfc3102f55fe1760c9715ba77e1d0053d
moko/production/thumbnails/2BudDX-Tjqc.jpg;MOKO/01_YouTube/01_Обложки_94/thumbnails/2BudDX-Tjqc.jpg;118751;db845d04bcaaf7b47009a067647054308004ca32f82bce815bded5bb76163745
moko/production/thumbnails/4Ot8GxQA6Yc.jpg;MOKO/01_YouTube/01_Обложки_94/thumbnails/4Ot8GxQA6Yc.jpg;110217;cb202060e3abe87b05a9e6d83d514c39c332e84506ce79d3cf1c6349f7df1e1a
moko/production/thumbnails/4jCy0mh3E9s.jpg;MOKO/01_YouTube/01_Обложки_94/thumbnails/4jCy0mh3E9s.jpg;83846;92fbfef67f8db3951076d87207efc9162e5f3e63a9800e3f311c8a991746b73c
moko/production/thumbnails/5Lm54uJEyL8.jpg;MOKO/01_YouTube/01_Обложки_94/thumbnails/5Lm54uJEyL8.jpg;103653;78c697103aa94e85798e441e5c2f6d6ef3fcfd239e69786401414eddbff2518d
moko/production/thumbnails/6s3BE6TtCD4.jpg;MOKO/01_YouTube/01_Обложки_94/thumbnails/6s3BE6TtCD4.jpg;141043;a9696da0d9b4ca9ef23cf85a6315a9ff1299e0b44941412519998f0c74fda055
moko/production/thumbnails/7DngQ_kX12M.jpg;MOKO/01_YouTube/01_Обложки_94/thumbnails/7DngQ_kX12M.jpg;167900;f25738b7e5d78f112c0286d09ce8e2fde03056a9a4f8c2579b077e4eec48c1ac
moko/production/thumbnails/7YQ0j-HUuOs.jpg;MOKO/01_YouTube/01_Обложки_94/thumbnails/7YQ0j-HUuOs.jpg;85263;a49545557a84cee2f479f68f7eadd9178ed112e61fea9de83122eb21ce0ebc1c
moko/production/thumbnails/9EyE3bgGmZo.jpg;MOKO/01_YouTube/01_Обложки_94/thumbnails/9EyE3bgGmZo.jpg;107045;ac02e77e8d07b096ae7c48d3f9e8776a0cb4f9c35783cbd15568eb1697ab6720
moko/production/thumbnails/9IOlJ_qBQ74.jpg;MOKO/01_YouTube/01_Обложки_94/thumbnails/9IOlJ_qBQ74.jpg;99714;d0edef74655449801b3ec264d4344ac6691ee8c33ce0fcfe65a8447a267c3b88
moko/production/thumbnails/9QniN5XarQo.jpg;MOKO/01_YouTube/01_Обложки_94/thumbnails/9QniN5XarQo.jpg;147942;633f44e2ea395c2e083e81e607cd09eaf87c394143bcb47fe6f341b5e96dba00
moko/production/thumbnails/9sQpjOUh7f4.jpg;MOKO/01_YouTube/01_Обложки_94/thumbnails/9sQpjOUh7f4.jpg;133680;6279e06ef0b031ac82dd35ef2628020a0b4a6583e2926a5b2af7685c1ce7ed72
moko/production/thumbnails/AFPlbt1Zhhw.jpg;MOKO/01_YouTube/01_Обложки_94/thumbnails/AFPlbt1Zhhw.jpg;109751;fc197702e92764c6a20c1a7bba328a34cad5897ef736e13497ca8436810763c4
moko/production/thumbnails/ASLRmlpA5Xw.jpg;MOKO/01_YouTube/01_Обложки_94/thumbnails/ASLRmlpA5Xw.jpg;123981;5ee3ba19f7fced90dcd2b4cc4f9ac5acfe9987d2da3062040d042a4077093c2f
moko/production/thumbnails/BSgXt5addDM.jpg;MOKO/01_YouTube/01_Обложки_94/thumbnails/BSgXt5addDM.jpg;149341;840efdc02893cb13f6d4fbd18fa698fb962e190081157a81f76907c248b9302e
moko/production/thumbnails/CllBnT_-hKs.jpg;MOKO/01_YouTube/01_Обложки_94/thumbnails/CllBnT_-hKs.jpg;127649;ca7320cc23153f96ab1d2f319561d71c0909e47e8fbae999ac20a7c2a3cb4816
moko/production/thumbnails/DStpNxJKxiI.jpg;MOKO/01_YouTube/01_Обложки_94/thumbnails/DStpNxJKxiI.jpg;109715;818a83aacd52ad3059cf7e2d33a6d09ede6d69654cdeba4b76390f3dcdf07541
moko/production/thumbnails/E2Wj5L17Oxo.jpg;MOKO/01_YouTube/01_Обложки_94/thumbnails/E2Wj5L17Oxo.jpg;89777;298878356934db953f8b095f9e40ccefe7d13a41c4404ffdf522425b9e11977f
moko/production/thumbnails/EsLUSn9RDL4.jpg;MOKO/01_YouTube/01_Обложки_94/thumbnails/EsLUSn9RDL4.jpg;195834;e78db47b4497d31327055ab5b15039c3e0384024e107c759652f5382deaa591c
moko/production/thumbnails/FKGsam4DP6w.jpg;MOKO/01_YouTube/01_Обложки_94/thumbnails/FKGsam4DP6w.jpg;103229;7b19d915371cca7c967e07f06014704f9d2c44314d6fbc1b0a4de615c322ea32
moko/production/thumbnails/GxL-DZFXYQY.jpg;MOKO/01_YouTube/01_Обложки_94/thumbnails/GxL-DZFXYQY.jpg;101304;e63992ee71eeeaf974151c1d1c38115ffb64067555c0625dba23c2b4a8686daa
moko/production/thumbnails/HEmNyEcmrZY.jpg;MOKO/01_YouTube/01_Обложки_94/thumbnails/HEmNyEcmrZY.jpg;156959;323fe1ed66247899d107539aa1e8d09b98c85d5d39224492a430448bbf5afce6
moko/production/thumbnails/J_5qLMX5uNs.jpg;MOKO/01_YouTube/01_Обложки_94/thumbnails/J_5qLMX5uNs.jpg;97895;dfbc8dc0383841436133039c3a9bd7954aa6786ddd67569860c78dbc3c385bb9
moko/production/thumbnails/KmLxID8LONo.jpg;MOKO/01_YouTube/01_Обложки_94/thumbnails/KmLxID8LONo.jpg;97261;4b9f413632d601dec906fe73f5bdb609bc3091dd375d25cdc754fefe56f8a712
moko/production/thumbnails/L8DhEf9Mquo.jpg;MOKO/01_YouTube/01_Обложки_94/thumbnails/L8DhEf9Mquo.jpg;83822;39d7b14f25432fb88334686de0a362fed751ff01b1dbfd7f9634d50956295f9a
moko/production/thumbnails/LXg7Ql5Aye0.jpg;MOKO/01_YouTube/01_Обложки_94/thumbnails/LXg7Ql5Aye0.jpg;94067;bcf9828bd0607c123e496b0f21f080444c4b30d9560e42e51c89654be8e55999
moko/production/thumbnails/MSGRIN6oUZQ.jpg;MOKO/01_YouTube/01_Обложки_94/thumbnails/MSGRIN6oUZQ.jpg;79148;6f211db9791f1d1802e622239b176aaab5bfd2706d8f22a0b8774e6927a4b5e7
moko/production/thumbnails/OhPQyqKovhA.jpg;MOKO/01_YouTube/01_Обложки_94/thumbnails/OhPQyqKovhA.jpg;112471;b48299d4642779c94aac16fdee8dccc5a329e874f11d5f8b531567faeb327eaf
moko/production/thumbnails/OmXJkxET17k.jpg;MOKO/01_YouTube/01_Обложки_94/thumbnails/OmXJkxET17k.jpg;123616;090d9d7088c5c390b3643b93984953ca0b6fbc20611de31e3edbde43e5960433
moko/production/thumbnails/POZUZuiS7cI.jpg;MOKO/01_YouTube/01_Обложки_94/thumbnails/POZUZuiS7cI.jpg;111741;e39bca2274909de68129e32dd691f05225e338094ad6fe095b9875f55adbf582
moko/production/thumbnails/PwvxyezgN9U.jpg;MOKO/01_YouTube/01_Обложки_94/thumbnails/PwvxyezgN9U.jpg;139411;2be113e22a70920d75945c8fb8e4a19fa75b0709ec2ac551a6fcafc9b19024a3
moko/production/thumbnails/S1q0p8HLVqY.jpg;MOKO/01_YouTube/01_Обложки_94/thumbnails/S1q0p8HLVqY.jpg;80533;a7281b09e647d941481fa9f95a0901753cc3c68164812a79cbfcbe9b4e49c5e9
moko/production/thumbnails/S3gTxhKKBOs.jpg;MOKO/01_YouTube/01_Обложки_94/thumbnails/S3gTxhKKBOs.jpg;152577;c8cf6735b580c3dba6637a5991be11373460238c01e7f1ffe6428b51f162734a
moko/production/thumbnails/Sz_qOev_6Y0.jpg;MOKO/01_YouTube/01_Обложки_94/thumbnails/Sz_qOev_6Y0.jpg;109151;fdd15792cbfaf547a1c636833a6e962a82c1ae7b665e4623f7b9e26c2f536365
moko/production/thumbnails/Szt2Qw5Gb7o.jpg;MOKO/01_YouTube/01_Обложки_94/thumbnails/Szt2Qw5Gb7o.jpg;86513;2b57a232420fbeb961d8f2567d7f0413a6ce258f4de3d50255ea5dfc63b3bcb7
moko/production/thumbnails/T-uG-K0wJdg.jpg;MOKO/01_YouTube/01_Обложки_94/thumbnails/T-uG-K0wJdg.jpg;115492;a9648eb7575be312553ce6a0e72ccf3e6f51a8e9388eba76892f7b41f850192e
moko/production/thumbnails/TSAL-e7zO8Q.jpg;MOKO/01_YouTube/01_Обложки_94/thumbnails/TSAL-e7zO8Q.jpg;108243;353f7f91924a0d1b825a674d5b672ccb25b9aec256216ab26c7104aec24164d9
moko/production/thumbnails/Tiff450MBJ4.jpg;MOKO/01_YouTube/01_Обложки_94/thumbnails/Tiff450MBJ4.jpg;93116;58360b7bae892f60fe6e639eae451bd6e242069d70038708e2339a5c90c2a8c4
moko/production/thumbnails/U2Y2vPSSbLE.jpg;MOKO/01_YouTube/01_Обложки_94/thumbnails/U2Y2vPSSbLE.jpg;112456;3897ac9ed155d9b133d729fbc9408f9d2af8b82541dea8feace77fe1d64f293c
moko/production/thumbnails/UO_n5resEjA.jpg;MOKO/01_YouTube/01_Обложки_94/thumbnails/UO_n5resEjA.jpg;82875;5e0a49172ec177875b6c80249ffc444cd3b9311aa2531fa76b4007abc5b98d29
moko/production/thumbnails/VeR-7cU_-Mc.jpg;MOKO/01_YouTube/01_Обложки_94/thumbnails/VeR-7cU_-Mc.jpg;123188;e5ae1f1028c78785902abf014e11455f68c72fa47a58c24de75e22d1e5e14340
moko/production/thumbnails/VoaZTXhmnmM.jpg;MOKO/01_YouTube/01_Обложки_94/thumbnails/VoaZTXhmnmM.jpg;139865;1e1074941227611a1cce452dbd02b6a1b25fcaec83ead800b9ae389ba55041b0
moko/production/thumbnails/VzMZ4ohlJhI.jpg;MOKO/01_YouTube/01_Обложки_94/thumbnails/VzMZ4ohlJhI.jpg;83320;efef9d7b1d53eec31c326bba11e4d9664ec1b5da9a519626cf9284a8f8900262
moko/production/thumbnails/WY41Ggzugy4.jpg;MOKO/01_YouTube/01_Обложки_94/thumbnails/WY41Ggzugy4.jpg;99348;1a28dc4bca2f3037993ba1528d38ce290c10b15baf2c87eee16bdc7519debe95
moko/production/thumbnails/XoFGTU8Kovk.jpg;MOKO/01_YouTube/01_Обложки_94/thumbnails/XoFGTU8Kovk.jpg;84009;604e6804a9aead28b0e0c0988647d54ebf57de147c25d2baaae195a6025c4d15
moko/production/thumbnails/Z8M26IEMpOQ.jpg;MOKO/01_YouTube/01_Обложки_94/thumbnails/Z8M26IEMpOQ.jpg;76108;48a6374cbb4f4ffa5b8f141e9c9093a5936b5777781e0660f6030fb52a32ad12
moko/production/thumbnails/a6cwVJ20iwU.jpg;MOKO/01_YouTube/01_Обложки_94/thumbnails/a6cwVJ20iwU.jpg;112843;765fb30aaf8bc6ebf7b01d5bf7435f615183aa06307d1df86adb0899eea51a87
moko/production/thumbnails/aSjRYZWMfjc.jpg;MOKO/01_YouTube/01_Обложки_94/thumbnails/aSjRYZWMfjc.jpg;93544;62c7fb02779f4c216ad897cb2fc7b123099855aedf0e91ad305a4d1403edc777
moko/production/thumbnails/b5zjy0PHU0s.jpg;MOKO/01_YouTube/01_Обложки_94/thumbnails/b5zjy0PHU0s.jpg;148658;195c466918faa11c7d4b2b204353372eb3f5a27e7d5358a457e0134654f1619f
moko/production/thumbnails/c1p5m_dTpdo.jpg;MOKO/01_YouTube/01_Обложки_94/thumbnails/c1p5m_dTpdo.jpg;92345;184cfbd05ca762131c72447fbdbcca2b2d24046c322fb87b5e615b0939931337
moko/production/thumbnails/cA1GXKStbMA.jpg;MOKO/01_YouTube/01_Обложки_94/thumbnails/cA1GXKStbMA.jpg;82936;15029b6dba69c7139f3e5b5d9bc8a2f6e0770a81e9c736c1c1d42abc74a760ea
moko/production/thumbnails/crbctMTtlG8.jpg;MOKO/01_YouTube/01_Обложки_94/thumbnails/crbctMTtlG8.jpg;135244;128ca888e6e30d3b012de56116b698bec8ae384e9e62bf0d19904db057c9e878
moko/production/thumbnails/dOhiPXQIljo.jpg;MOKO/01_YouTube/01_Обложки_94/thumbnails/dOhiPXQIljo.jpg;128226;09d2b63c5d3f0b74e7961b11e964d61d4a060e62e30163f08bfd44df7a91ce30
moko/production/thumbnails/e_2bLrqE6sk.jpg;MOKO/01_YouTube/01_Обложки_94/thumbnails/e_2bLrqE6sk.jpg;120974;db0f84e1d5fefeaf97cdb4181cfe1926676f2f5a261073031862c5fabb8383e5
moko/production/thumbnails/egIx1gEHksA.jpg;MOKO/01_YouTube/01_Обложки_94/thumbnails/egIx1gEHksA.jpg;78925;546e8c7a3866d2cf2431a584b5537d259e6da13a7f2cdc2a21dfe7f665c37edd
moko/production/thumbnails/ex8ibsNSCiA.jpg;MOKO/01_YouTube/01_Обложки_94/thumbnails/ex8ibsNSCiA.jpg;214424;36e7a437b174e54d92893dfcf15fb98398bde37c3bf251e231ae4924e1203797
moko/production/thumbnails/fXtQYcZJ7tA.jpg;MOKO/01_YouTube/01_Обложки_94/thumbnails/fXtQYcZJ7tA.jpg;109762;b957f9188d50a692bb3cd986861b9d554c62181f4040755e513f27d43f531365
moko/production/thumbnails/feEv04DYWbA.jpg;MOKO/01_YouTube/01_Обложки_94/thumbnails/feEv04DYWbA.jpg;232492;33c4e652ca3a8c1441334d0d4e15be9efa09168fb61b3fee473491cfe2da008e
moko/production/thumbnails/gWQBcpK8X5A.jpg;MOKO/01_YouTube/01_Обложки_94/thumbnails/gWQBcpK8X5A.jpg;124670;50ba1c5703f9fb9909e63efba26f5ef369f098b10df2d79f9b83ada40d4770a9
moko/production/thumbnails/gb45P9-3Yfk.jpg;MOKO/01_YouTube/01_Обложки_94/thumbnails/gb45P9-3Yfk.jpg;97522;d89a110a40be0abbccf72a52df4b458c44f8e1a45429cb3945ea0ce67bd281a9
moko/production/thumbnails/hirOeoPDYvY.jpg;MOKO/01_YouTube/01_Обложки_94/thumbnails/hirOeoPDYvY.jpg;85652;9e770344ea3f13f74c10f48195c55b1f76dc21ac71e3cbe923157ab94259094d
moko/production/thumbnails/i3N3CFncdw8.jpg;MOKO/01_YouTube/01_Обложки_94/thumbnails/i3N3CFncdw8.jpg;97405;d8d271ce7370b169475d3439bc4375197e7ca3ccff0bf0e06fbd2b47be6a5df6
moko/production/thumbnails/jR89eqIiAGM.jpg;MOKO/01_YouTube/01_Обложки_94/thumbnails/jR89eqIiAGM.jpg;88003;eee13292de4bdf063e48c396ca9a03bef760c51622e1d3ac67c2c8be938ec02f
moko/production/thumbnails/jq_D-9nsomg.jpg;MOKO/01_YouTube/01_Обложки_94/thumbnails/jq_D-9nsomg.jpg;87821;968b0d0bd1742238d6fedbf3432ac93df7363bbe3c738eeb3ccc829e8232e696
moko/production/thumbnails/koGtgs5iNfk.jpg;MOKO/01_YouTube/01_Обложки_94/thumbnails/koGtgs5iNfk.jpg;141031;d3caf705a12b4ea1f671da19a7573151b40b8bbf013fa8bf05992da7218b0c07
moko/production/thumbnails/kuzcOBW11rk.jpg;MOKO/01_YouTube/01_Обложки_94/thumbnails/kuzcOBW11rk.jpg;94913;8cae2789a31847ea7f9b4a37443542ab67bf9920d7f7c15314596e2e0823dc19
moko/production/thumbnails/l3xewCeguhM.jpg;MOKO/01_YouTube/01_Обложки_94/thumbnails/l3xewCeguhM.jpg;89246;140db0cced010b3d335f275507574bdba6835ddb49f7759eab2fd319eced6659
moko/production/thumbnails/lSWbtmhcpfc.jpg;MOKO/01_YouTube/01_Обложки_94/thumbnails/lSWbtmhcpfc.jpg;170489;5b4a4d0bf29d038066bcfa1370a63ced79bde437dbdcc2194939961a36d5d540
moko/production/thumbnails/m96Fj9w5RGw.jpg;MOKO/01_YouTube/01_Обложки_94/thumbnails/m96Fj9w5RGw.jpg;126453;540be579820364ed33f4b9311f4e5cf443c0ace8c25281fb162714288c291adb
moko/production/thumbnails/nnktD99huyE.jpg;MOKO/01_YouTube/01_Обложки_94/thumbnails/nnktD99huyE.jpg;212559;4884e7065ed53d600532371777fda6f44e607f44676aeec6311ebf6c6f407740
moko/production/thumbnails/oJktpGbr7WA.jpg;MOKO/01_YouTube/01_Обложки_94/thumbnails/oJktpGbr7WA.jpg;173990;619c98530154154a7889adedc8b5c346384584e491746aa5b3bd58d14e06e0bb
moko/production/thumbnails/oUseu_82YBM.jpg;MOKO/01_YouTube/01_Обложки_94/thumbnails/oUseu_82YBM.jpg;96620;a34225b0505631ea9b6d1b0840d244d7bfc9bcbb060f2d9c46935915762a91c1
moko/production/thumbnails/opy_PhgdODo.jpg;MOKO/01_YouTube/01_Обложки_94/thumbnails/opy_PhgdODo.jpg;131959;d4c24885f588a2e86619b2109f723153658061d4d7053e5ec3c82a7687e7b33c
moko/production/thumbnails/pzxfkmvQW2U.jpg;MOKO/01_YouTube/01_Обложки_94/thumbnails/pzxfkmvQW2U.jpg;155191;c2e970038e8e20376d7e415785068acf86bca919f34939a739ecc3884319b9f2
moko/production/thumbnails/q8obUwFp1m8.jpg;MOKO/01_YouTube/01_Обложки_94/thumbnails/q8obUwFp1m8.jpg;122720;4ec925fa1d51a60853bd2ac1f279e93cfa9f28aeaa3558fee422442be5cadd50
moko/production/thumbnails/rSy3uobcJwU.jpg;MOKO/01_YouTube/01_Обложки_94/thumbnails/rSy3uobcJwU.jpg;118892;e4995deafcf6592a3dd80c8526763272ce00b1b2e3874d4256bf8713d9a46173
moko/production/thumbnails/shP4XNNsC6Q.jpg;MOKO/01_YouTube/01_Обложки_94/thumbnails/shP4XNNsC6Q.jpg;197872;a26ba743fa81a78b377f5548d9a53f5442a708daaa9a3268a511c77e84b646bc
moko/production/thumbnails/sv1_km5KX00.jpg;MOKO/01_YouTube/01_Обложки_94/thumbnails/sv1_km5KX00.jpg;87140;94f16aedd1bcb52a3d1a9df1b98b0f2893ad8f2463ed8f27e0add0f9f22b4dde
moko/production/thumbnails/t9HsjGb3dFs.jpg;MOKO/01_YouTube/01_Обложки_94/thumbnails/t9HsjGb3dFs.jpg;138209;cee722b1aad28588f4b437ce33ad4cb2d4f06b70c6139bee4587a6533dc1bddb
moko/production/thumbnails/tXsjlxHMt6Y.jpg;MOKO/01_YouTube/01_Обложки_94/thumbnails/tXsjlxHMt6Y.jpg;149715;b81cae283dd4c90f863902f7673ef431ed787c70a13ac9567d02a83f312d9ded
moko/production/thumbnails/tgIy0Ra-mn0.jpg;MOKO/01_YouTube/01_Обложки_94/thumbnails/tgIy0Ra-mn0.jpg;178179;b3e338c70e5ad6790e94bb9f665d14b35995159eac06965988e25f0fc757b339
moko/production/thumbnails/tpdw4fKgaEg.jpg;MOKO/01_YouTube/01_Обложки_94/thumbnails/tpdw4fKgaEg.jpg;97547;aca17008b7ee191da9e6ddb17a0da91655cf342777da2e0b73b17dccca171fb9
moko/production/thumbnails/w9YARQn9SFs.jpg;MOKO/01_YouTube/01_Обложки_94/thumbnails/w9YARQn9SFs.jpg;151575;dee4835d5563f940df6dfa63da444fd7cc336202f8b5ff347a76b2068baa496c
moko/production/thumbnails/xEI929oBzYg.jpg;MOKO/01_YouTube/01_Обложки_94/thumbnails/xEI929oBzYg.jpg;125887;f6b036a00cdfd083165adb8d48b84e87dc9256a0b50b7830b8e12e3e567848e6
moko/production/thumbnails/xMjkBv8Qa10.jpg;MOKO/01_YouTube/01_Обложки_94/thumbnails/xMjkBv8Qa10.jpg;85264;229e1f151fe92e39eda2bfe01f9c922324933272752b4f3cfbe42c3bfa994f4b
moko/production/thumbnails/zTD8sbNUeGU.jpg;MOKO/01_YouTube/01_Обложки_94/thumbnails/zTD8sbNUeGU.jpg;134751;e39fe8b9a165af612a411c9882b58dded6b84f1c42bf64f7c92b21921cff645c
moko/production/thumbnails/zdXMG-IOhjA.jpg;MOKO/01_YouTube/01_Обложки_94/thumbnails/zdXMG-IOhjA.jpg;98938;4bb6a7a2e45ed380f6411bd3f4ca79cd54034dcb7ce2c32d70b34ed3a7f80462
moko/production/thumbnails/zv4wZlanZzg.jpg;MOKO/01_YouTube/01_Обложки_94/thumbnails/zv4wZlanZzg.jpg;83545;7ae81d389c6c866f9660385fd154b96657030b1dca5b4d595dcd3baaccc379c5
moko/releases/release02/MOKO_Выпуск_02_18_обложек.zip;MOKO/01_YouTube/90_Архив_этапов/11_Выпуск_18/MOKO_Выпуск_02_18_обложек.zip;5893832;86373ed8ac0ff7bcf3045aceb9ffb2d31030b3e5896ff32ab987a855d67e167b
moko/releases/release02/README.txt;MOKO/01_YouTube/90_Архив_этапов/11_Выпуск_18/README.txt;663;ed7c383c5e9e1b7c4afb45226923c9f0de6bfb286b89fbd36011fa0d9def3c91
moko/releases/release02/preview_18.html;MOKO/01_YouTube/90_Архив_этапов/11_Выпуск_18/preview_18.html;4140531;f911638856806f40b5a9242651fe82d0f64ab54b3f67b4971dcc54d6394f821d
moko/revision10/05_stream_moko_snapback.jpg;MOKO/01_YouTube/81_Согласованные_портреты/Стрим_v10/05_stream_moko_snapback.jpg;250046;263b64a74b793145f0f8c18cd22c0806d2cb27569013bb01aafc3e71f61a1bc2
moko/revision10/05_stream_moko_snapback.png;MOKO/01_YouTube/81_Согласованные_портреты/Стрим_v10/05_stream_moko_snapback.png;497986;6b4ede4572c4482ecf9a91d5607208195779de496437a2a63e3f143a4ef1ebde
moko/revision11/05_stream_gray_snapback.jpg;MOKO/01_YouTube/90_Архив_этапов/06_Поиск_образа/revision11/05_stream_gray_snapback.jpg;250461;cbe0f7f84e46878e89977dd104dff82fa01362d4432d49111d6552a6aebf438e
moko/revision12/06_expo_stylized.jpg;MOKO/01_YouTube/81_Согласованные_портреты/Expo_v12/06_expo_stylized.jpg;231496;5e2fb287286d0b1ceca785657d87b2eed743e666abdac66bfe7e918fd675efc5
moko/revision12/06_expo_stylized.png;MOKO/01_YouTube/81_Согласованные_портреты/Expo_v12/06_expo_stylized.png;663343;d6699c0dae5daa0a7f2f62655b8bae522d1429a10ee57a8f6b767640e24f9527
moko/revision12/compose.py;MOKO/99_Технические_материалы/Рабочий_код_и_данные/moko/revision12/compose.py;1837;aea8097551e6ff5efb2442b6197412c72a8c4bafb390e68e4159562b31ab9af3
moko/revision12/detail.jpg;MOKO/01_YouTube/81_Согласованные_портреты/Expo_v12/detail.jpg;7983;4724cfc131923b28372e118d5ae196a4c0dac26ce926a4bfffdda46df2de204c
moko/revision12/expo_comparison.jpg;MOKO/01_YouTube/81_Согласованные_портреты/Expo_v12/expo_comparison.jpg;233299;60367916c6501c8c2bc379446a5eda45a408711d24b0f98ddee7ee808a777b37
moko/revision2/MOKO_series_v2.zip;MOKO/01_YouTube/90_Архив_этапов/04_Серия_v2/MOKO_series_v2.zip;3644432;62d00fb7f00e927add88f46c687b78769b5922fb0e6aa9299fbea4c428e2ae7d
moko/revision2/assets/driver.png;MOKO/99_Технические_материалы/Рабочий_код_и_данные/moko/revision2/assets/driver.png;1351594;ab42a344030a5fd21533ad7612e77e88564d48a69194ef40c6afc36d197fa647
moko/revision2/assets/graph.png;MOKO/99_Технические_материалы/Рабочий_код_и_данные/moko/revision2/assets/graph.png;1280312;fb2b35db4f3a6a49707a59eacf3f8925fb04f0bf0ec007f2136b97ecea18be49
moko/revision2/assets/telegram.png;MOKO/99_Технические_материалы/Рабочий_код_и_данные/moko/revision2/assets/telegram.png;1059768;775d5ccc83039692a884293508ce95c064e7a76f499005a9b0be147164b9fdfe
moko/revision2/build_review.py;MOKO/99_Технические_материалы/Рабочий_код_и_данные/moko/revision2/build_review.py;9837;2bda26655aca6efdd54d116a1951ec8485b91972691df9c0fde3c9b70f03dcc7
moko/revision2/manifest.json;MOKO/99_Технические_материалы/Рабочий_код_и_данные/moko/revision2/manifest.json;4284;c540de138debb8a0a60df147caaec1cd244b87a2bb45db3eda97a29a4db23b79
moko/revision2/render.py;MOKO/99_Технические_материалы/Рабочий_код_и_данные/moko/revision2/render.py;7474;492ec80f718aab86a9cd8ccf59df4e6319bf297c19cfef8814849bc0b318a3f6
moko/revision2/review.html;MOKO/01_YouTube/90_Архив_этапов/04_Серия_v2/review.html;3480940;e7aea697e4f95e486d8cb6e834af245a4b60165aa480c359d3cd8ada3a4bb30e
moko/revision2/series_overview.jpg;MOKO/01_YouTube/90_Архив_этапов/04_Серия_v2/series_overview.jpg;462081;76a7e1505dfed3a30d373814dae01be1894e8833221dd957e538671923f4078b
moko/revision2/thumbs/01_graph.jpg;MOKO/01_YouTube/90_Архив_этапов/04_Серия_v2/thumbs/01_graph.jpg;149875;5af29475d67dcee6ce219df043e995610efacb7d34ffce6380ec5171c58e89ed
moko/revision2/thumbs/02_driver.jpg;MOKO/01_YouTube/90_Архив_этапов/04_Серия_v2/thumbs/02_driver.jpg;195539;9d5657bf7ed5ea3decc302c544e0185ecaacb105a7139081e5e7b0896d8bd767
moko/revision2/thumbs/03_telegram.jpg;MOKO/01_YouTube/90_Архив_этапов/04_Серия_v2/thumbs/03_telegram.jpg;150871;72dc9b610605776911026f2f9bdcda400ae0fe28c7bcf1a6a030cf66ddfca39b
moko/revision2/thumbs/04_headlight.jpg;MOKO/01_YouTube/90_Архив_этапов/04_Серия_v2/thumbs/04_headlight.jpg;214411;7d498f2a8db3a01f7d9a9c6196cf9c12314ec6d93548407316402b6be39e6724
moko/revision2/thumbs/05_stream.jpg;MOKO/01_YouTube/90_Архив_этапов/04_Серия_v2/thumbs/05_stream.jpg;173394;7bad6633965df2e3df5dcba2baf89b19d58d6cfcde71000b0243b8201a7341b9
moko/revision2/thumbs/06_expo.jpg;MOKO/01_YouTube/90_Архив_этапов/04_Серия_v2/thumbs/06_expo.jpg;187216;dd530bba23ec775ff1b48b0662347e6b97a61c3b6437667fef5e5a214cb5a0f0
moko/revision3/MOKO_series_v3.zip;MOKO/01_YouTube/90_Архив_этапов/05_Серия_v3/MOKO_series_v3.zip;4364200;bd04baa348b74ece80cbda7a9120f0cb46368823a0c1ff8ff37ecb76ff008efb
moko/revision3/assets/expo_cutout.png;MOKO/99_Технические_материалы/Рабочий_код_и_данные/moko/revision3/assets/expo_cutout.png;246430;da1e72637e9fe086827defa0ca607ca93a03de77db3f3896c889c2ec7894eece
moko/revision3/assets/plugin_cutout.png;MOKO/99_Технические_материалы/Рабочий_код_и_данные/moko/revision3/assets/plugin_cutout.png;265880;fc10cd59d6e925f2973f12739c1487da12a38be3f6b27a47446b06f31bc36eb5
moko/revision3/assets/plugin_screenshot.png;MOKO/99_Технические_материалы/Рабочий_код_и_данные/moko/revision3/assets/plugin_screenshot.png;110030;8ec44a31d6639f99dc86e6c14ef0bd71c658e2b7c6863073b0a8c1e711d17bd1
moko/revision3/assets/rfse_mark.png;MOKO/99_Технические_материалы/Рабочий_код_и_данные/moko/revision3/assets/rfse_mark.png;36473;f39c49cdd988af332afc7a34af10335ad5705e0a885a26059671a9202e60df20
moko/revision3/before_after.jpg;MOKO/01_YouTube/90_Архив_этапов/05_Серия_v3/before_after.jpg;422702;c1ade26afe584edb6b3ecba64569d84a3b7fbc9551821e27a1485e84f83320e4
moko/revision3/build_review.py;MOKO/99_Технические_материалы/Рабочий_код_и_данные/moko/revision3/build_review.py;10091;bb720e0a66c4081440d70a7ca941848dc0fa506cabc78e438b4049a34f438d55
moko/revision3/expo_check.jpg;MOKO/01_YouTube/90_Архив_этапов/05_Серия_v3/expo_check.jpg;45945;f73de7c7a9ba9fa11b1b1efff65f9671653807e5f9760eaa70267c058761b540
moko/revision3/manifest.json;MOKO/99_Технические_материалы/Рабочий_код_и_данные/moko/revision3/manifest.json;4703;6779da6a5ac37a4f5c345baa7466bf1648fe256a209aa8a0dfdd528468d287d6
moko/revision3/render.py;MOKO/99_Технические_материалы/Рабочий_код_и_данные/moko/revision3/render.py;3921;e04ed7d5c656c2eaeec0654823233444cba602429dc9e489974199e8592b679e
moko/revision3/review.html;MOKO/01_YouTube/90_Архив_этапов/05_Серия_v3/review.html;4002148;c6c7fcd47a2d8402653c8a3360ffbb60ef8e86e3881514688a447a981df5b180
moko/revision3/series_overview.jpg;MOKO/01_YouTube/90_Архив_этапов/05_Серия_v3/series_overview.jpg;456023;2e193d924ea433434e7b50b13b7cd41d8f507340479729c84631fb917c1f5cf7
moko/revision3/thumbs/01_graph.jpg;MOKO/01_YouTube/90_Архив_этапов/05_Серия_v3/thumbs/01_graph.jpg;149875;5af29475d67dcee6ce219df043e995610efacb7d34ffce6380ec5171c58e89ed
moko/revision3/thumbs/02_driver.jpg;MOKO/01_YouTube/90_Архив_этапов/05_Серия_v3/thumbs/02_driver.jpg;195539;9d5657bf7ed5ea3decc302c544e0185ecaacb105a7139081e5e7b0896d8bd767
moko/revision3/thumbs/03_telegram.jpg;MOKO/01_YouTube/90_Архив_этапов/05_Серия_v3/thumbs/03_telegram.jpg;150871;72dc9b610605776911026f2f9bdcda400ae0fe28c7bcf1a6a030cf66ddfca39b
moko/revision3/thumbs/04_headlight.jpg;MOKO/01_YouTube/90_Архив_этапов/05_Серия_v3/thumbs/04_headlight.jpg;214411;7d498f2a8db3a01f7d9a9c6196cf9c12314ec6d93548407316402b6be39e6724
moko/revision3/thumbs/05_stream.jpg;MOKO/01_YouTube/90_Архив_этапов/05_Серия_v3/thumbs/05_stream.jpg;205401;235ea50d2828d9d63c1fece4cdd7e2bba3d7665db90d6f7fceeaa5d79d03aefc
moko/revision3/thumbs/06_expo.jpg;MOKO/01_YouTube/90_Архив_этапов/05_Серия_v3/thumbs/06_expo.jpg;185005;78229a9a5379208bbb3ac5bc0879114cc5f519b5fadbdce09881ef08323e6fd6
moko/revision4/05_stream_framed.jpg;MOKO/01_YouTube/90_Архив_этапов/06_Поиск_образа/revision4/05_stream_framed.jpg;226877;779b83fecdef76b20d36b59969dcbb11fd01ca7160d2b65d347fbfe66229af77
moko/revision4/05_stream_framed.png;MOKO/01_YouTube/90_Архив_этапов/06_Поиск_образа/revision4/05_stream_framed.png;368338;5cbc43ceabcc8bcce0236ff6c82fe121e23a484adec1ab31289b3d98aa6e7f75
moko/revision4/frame_comparison.jpg;MOKO/01_YouTube/90_Архив_этапов/06_Поиск_образа/revision4/frame_comparison.jpg;239910;0e5f98a19ec4cbffd81b9774e08e352acec083c4dffacd4a1060e47d43ad314a
moko/revision4/render.py;MOKO/99_Технические_материалы/Рабочий_код_и_данные/moko/revision4/render.py;2825;ac67e43720d404be84d8eab98f4034f3572ae517604db38d834ff9cf204f83a0
moko/revision5/05_stream_stylized.jpg;MOKO/01_YouTube/90_Архив_этапов/06_Поиск_образа/revision5/05_stream_stylized.jpg;242517;63d37a235a496380bb9109850872e8fab4dc23f70b4f0b6b524a25a44c49066e
moko/revision5/portrait_comparison.jpg;MOKO/01_YouTube/90_Архив_этапов/06_Поиск_образа/revision5/portrait_comparison.jpg;239428;e553175b34f90559d8246f2d01d8267de4bd1c7ba104f986d36469dc989f834c
moko/revision5/render.py;MOKO/99_Технические_материалы/Рабочий_код_и_данные/moko/revision5/render.py;1803;a5f6a311ed40802bc41f613a94632cd8bb377e371959b38ee674c7f790316e41
moko/revision6/05_stream_corrected.jpg;MOKO/01_YouTube/90_Архив_этапов/06_Поиск_образа/revision6/05_stream_corrected.jpg;242915;4ecc4c86a7734ba375706671524d8025cbd12cff62fff6f04217e1e1d7a1c3a3
moko/revision6/hair_reference_grid.jpg;MOKO/01_YouTube/90_Архив_этапов/06_Поиск_образа/revision6/hair_reference_grid.jpg;63479;9907ed7ab1860a5c03aa3e6cc0025bf81bc3ad871d1fbf6528e9b189de870818
moko/revision7/05_stream_real_hair.jpg;MOKO/01_YouTube/90_Архив_этапов/06_Поиск_образа/revision7/05_stream_real_hair.jpg;240094;88b762c89601cfbc99f9407735435e20820b1f73860968460eafa958d4028328
moko/revision7/hair_check.jpg;MOKO/01_YouTube/90_Архив_этапов/06_Поиск_образа/revision7/hair_check.jpg;38482;1207c1182c437bd444a926ebcedc4300d81aa0895b32d42b112c2b09c8139ef3
moko/revision7/restore_hair.py;MOKO/99_Технические_материалы/Рабочий_код_и_данные/moko/revision7/restore_hair.py;2409;36c2163ebaaea0e86d546e30cd6dc006771930da972af778658777809b20cb27
moko/revision8/05_stream_hair_refined.jpg;MOKO/01_YouTube/90_Архив_этапов/06_Поиск_образа/revision8/05_stream_hair_refined.jpg;243855;438f7f732b93e46d069fdde48828de2d30e63aa906c1ea8f7fde6314b7b144d4
moko/revision9/05_stream_cap.jpg;MOKO/01_YouTube/90_Архив_этапов/06_Поиск_образа/revision9/05_stream_cap.jpg;245702;274399a0fe75abbcc0f82877501a30092034cab21b4c004e35db241acce415d6
moko/selected/MOKO_test_thumbnails.zip;MOKO/01_YouTube/90_Архив_этапов/02_Первые_6_обложек/MOKO_test_thumbnails.zip;2342919;4c7b53e9076e1f44f96ace240e19210389b15bd9cbb03759720d95742bca22ff
moko/selected/all_six_previews.jpg;MOKO/01_YouTube/90_Архив_этапов/02_Первые_6_обложек/all_six_previews.jpg;465653;620a5d8bfcc98d4e387c85dc2ac2cb1241c4b15a619ff5e6967a2c9e2e5dc521
moko/selected/manifest.json;MOKO/99_Технические_материалы/Рабочий_код_и_данные/moko/selected/manifest.json;4606;12fbe683ee4906fbd43dfd3a8c7b775ea0a367005ff212f3e9735377b1ccc9d7
moko/selected/preview.html;MOKO/01_YouTube/90_Архив_этапов/02_Первые_6_обложек/preview.html;1533395;c90baf14803493719240ad19e919317a806a8b9c655a55edfbe95cc54d8252bf
moko/selected/thumbs/01_graph.jpg;MOKO/01_YouTube/90_Архив_этапов/02_Первые_6_обложек/thumbs/01_graph.jpg;149875;5af29475d67dcee6ce219df043e995610efacb7d34ffce6380ec5171c58e89ed
moko/selected/thumbs/02_driver.jpg;MOKO/01_YouTube/90_Архив_этапов/02_Первые_6_обложек/thumbs/02_driver.jpg;195539;9d5657bf7ed5ea3decc302c544e0185ecaacb105a7139081e5e7b0896d8bd767
moko/selected/thumbs/03_telegram.jpg;MOKO/01_YouTube/90_Архив_этапов/02_Первые_6_обложек/thumbs/03_telegram.jpg;150871;72dc9b610605776911026f2f9bdcda400ae0fe28c7bcf1a6a030cf66ddfca39b
moko/selected/thumbs/04_headlight.jpg;MOKO/01_YouTube/90_Архив_этапов/02_Первые_6_обложек/thumbs/04_headlight.jpg;214411;7d498f2a8db3a01f7d9a9c6196cf9c12314ec6d93548407316402b6be39e6724
moko/selected/thumbs/05_stream.jpg;MOKO/01_YouTube/90_Архив_этапов/02_Первые_6_обложек/thumbs/05_stream.jpg;250046;263b64a74b793145f0f8c18cd22c0806d2cb27569013bb01aafc3e71f61a1bc2
moko/selected/thumbs/06_expo.jpg;MOKO/01_YouTube/90_Архив_этапов/02_Первые_6_обложек/thumbs/06_expo.jpg;185005;78229a9a5379208bbb3ac5bc0879114cc5f519b5fadbdce09881ef08323e6fd6
moko/telegram_avatars/MOKO_6_аватаров_Telegram.jpg;MOKO/02_Telegram/90_Архив_аватаров/01_Первые_аватары/MOKO_6_аватаров_Telegram.jpg;205943;47c7b966971457c5c636ac9825ace1ee1ab8ef383dc7dbc9390e9bf104ab1c67
moko/telegram_avatars/MOKO_6_аватаров_Telegram_v01.zip;MOKO/02_Telegram/90_Архив_аватаров/01_Первые_аватары/MOKO_6_аватаров_Telegram_v01.zip;800386;5822fc699f4adc0dfe44494046a0c14b6dc47c687b0e768729454cef6aa227f8
moko/telegram_avatars/MOKO_Аватары_Telegram.html;MOKO/02_Telegram/90_Архив_аватаров/01_Первые_аватары/MOKO_Аватары_Telegram.html;64839;0327ffe89a839e7d87db9fb230e83c0c10d5956da6a3cebea6217e73ff764391
moko/telegram_avatars/README.txt;MOKO/02_Telegram/90_Архив_аватаров/01_Первые_аватары/README.txt;2063;b9da465ee3605852d1650555d66a54189d2f7cc05ec37dbed79f15e3ea8e3f67
moko/telegram_avatars/alternatives04/MOKO_Выбор_символов.html;MOKO/02_Telegram/90_Архив_аватаров/04_Выбор_символов/MOKO_Выбор_символов.html;75222;c9c22bbaa31f81955f11c7169f81efd2616ded67581ad5f4c63d8a50c17efe56
moko/telegram_avatars/alternatives04/MOKO_Новости_и_группа_Альтернативы.jpg;MOKO/02_Telegram/90_Архив_аватаров/04_Выбор_символов/MOKO_Новости_и_группа_Альтернативы.jpg;230603;950ca1f7f5fda786ac38a3b194bf18b4d7d0f81ca55ae79eb556c31be5880304
moko/telegram_avatars/alternatives04/source/QA.json;MOKO/99_Технические_материалы/Рабочий_код_и_данные/moko/telegram_avatars/alternatives04/source/QA.json;1233;21f93970e9febc4aadd7499293ce2237483fad5cdb25341f306525cbceb6340d
moko/telegram_avatars/alternatives04/source/manifest.json;MOKO/99_Технические_материалы/Рабочий_код_и_данные/moko/telegram_avatars/alternatives04/source/manifest.json;1952;e61e8bb9a27728abc45b7977947615f42c8311c88d0b6e8d8314ce144193bb85
moko/telegram_avatars/alternatives04/svg/group_01_network.svg;MOKO/02_Telegram/90_Архив_аватаров/04_Выбор_символов/svg/group_01_network.svg;4259;15a3f5a184036f92bbf739571585ec2aa143fcfb1aa2693ff6730f860e715b9c
moko/telegram_avatars/alternatives04/svg/group_02_sections.svg;MOKO/02_Telegram/90_Архив_аватаров/04_Выбор_символов/svg/group_02_sections.svg;4358;9560d7b6d851075cf0e16b782d47aca5015ebe8973a72e4c1af9a466fe6b1e3b
moko/telegram_avatars/alternatives04/svg/group_03_team.svg;MOKO/02_Telegram/90_Архив_аватаров/04_Выбор_символов/svg/group_03_team.svg;4354;628b493041d62da0ae6cc40f97c4613149bd87b7744c4b28daf5a34f75813b4a
moko/telegram_avatars/alternatives04/svg/news_01_megaphone.svg;MOKO/02_Telegram/90_Архив_аватаров/04_Выбор_символов/svg/news_01_megaphone.svg;4310;32ba7909191769bbc489761a2a5bff3fd2952d305773b859d854d6d6d2288870
moko/telegram_avatars/alternatives04/svg/news_02_broadcast.svg;MOKO/02_Telegram/90_Архив_аватаров/04_Выбор_символов/svg/news_02_broadcast.svg;4272;a2954218890a95e3368a2632c0c29e172181eb629e6209f22831ac04a86de701
moko/telegram_avatars/alternatives04/svg/news_03_lightning.svg;MOKO/02_Telegram/90_Архив_аватаров/04_Выбор_символов/svg/news_03_lightning.svg;4093;e8375d3292413ff43a648468e67de891686552cf7d2eea6807599354c32779e2
moko/telegram_avatars/bc_variants/MOKO_Б_и_В_Новые_варианты.html;MOKO/02_Telegram/90_Архив_аватаров/08_Доработки_Б_и_В/MOKO_Б_и_В_Новые_варианты.html;692380;2bcb32bd6bec203f17902e72e69386e2720ba8e3fb12d34de5e9b1b9e2fa4e4f
moko/telegram_avatars/bc_variants/MOKO_Б_и_В_Сравнение.jpg;MOKO/02_Telegram/90_Архив_аватаров/08_Доработки_Б_и_В/MOKO_Б_и_В_Сравнение.jpg;531638;5361ab4168b07e2a16150f8b0e67c9f6528adacf96e480a380ee13ff4ea1ae55
moko/telegram_avatars/bc_variants/source/QA.json;MOKO/99_Технические_материалы/Рабочий_код_и_данные/moko/telegram_avatars/bc_variants/source/QA.json;4362;555a8b802b0528aee2f5f710a87dec8b842c70d6f3e11b33262791a641359789
moko/telegram_avatars/bc_variants/source/manifest.json;MOKO/99_Технические_материалы/Рабочий_код_и_данные/moko/telegram_avatars/bc_variants/source/manifest.json;4490;ef9794dae7c88c7a70d42a7b0a30577b87f91885114a4c0b4485c9acc55e40d9
moko/telegram_avatars/bold_concepts/MOKO_Новые_концепты.html;MOKO/02_Telegram/90_Архив_аватаров/07_Направления_А_Б_В/MOKO_Новые_концепты.html;848841;e41a7cca78d27d3db3820b19909e801a1512a237233129069077797f2612100c
moko/telegram_avatars/bold_concepts/MOKO_Сравнение_концептов.jpg;MOKO/02_Telegram/90_Архив_аватаров/07_Направления_А_Б_В/MOKO_Сравнение_концептов.jpg;435781;72e26e4722ae71bb480ceb30dbb5bffe1bd542169e5566bfcfbb18cf8cbbfeda
moko/telegram_avatars/bold_concepts/jpg/c_01_news.jpg;MOKO/02_Telegram/90_Архив_аватаров/07_Направления_А_Б_В/jpg/c_01_news.jpg;78682;e6baf35ef0cceea2056315bf1f7e955ff7518ee808ad908e816a24718782e9be
moko/telegram_avatars/bold_concepts/jpg/c_02_news_chat.jpg;MOKO/02_Telegram/90_Архив_аватаров/07_Направления_А_Б_В/jpg/c_02_news_chat.jpg;75582;44e03bc44c61a8f09d864dbec82bd8cfacacd1d7d5d14e7dce367fd3f2d9e75a
moko/telegram_avatars/bold_concepts/jpg/c_03_moko_systems.jpg;MOKO/02_Telegram/90_Архив_аватаров/07_Направления_А_Б_В/jpg/c_03_moko_systems.jpg;79170;20197d08b145689737353e75dd9ff435bd8676aed44be16216ec7bd63173180a
moko/telegram_avatars/bold_concepts/jpg/c_04_moko_se_bot.jpg;MOKO/02_Telegram/90_Архив_аватаров/07_Направления_А_Б_В/jpg/c_04_moko_se_bot.jpg;81038;9992e61071385c1bfcacf3b17adbf085a5091b279b45b3fb015f43505b8b207d
moko/telegram_avatars/bold_concepts/jpg/c_05_contact_bot.jpg;MOKO/02_Telegram/90_Архив_аватаров/07_Направления_А_Б_В/jpg/c_05_contact_bot.jpg;83168;4a5eeb410e6b8960565bc8ee169d2e5b50868bc5d57260258c0a9b97e384402d
moko/telegram_avatars/bold_concepts/jpg/c_06_johnny_respect.jpg;MOKO/02_Telegram/90_Архив_аватаров/07_Направления_А_Б_В/jpg/c_06_johnny_respect.jpg;74808;8b27521f4a90bfa45918cb468381526f276584c1e1545a798488273e27a410ab
moko/telegram_avatars/bold_concepts/source/QA.json;MOKO/99_Технические_материалы/Рабочий_код_и_данные/moko/telegram_avatars/bold_concepts/source/QA.json;3435;1001974faa09366e1558791249f8bd130cfcfd7c8ed7b6d2de4bf3fe8ca99232
moko/telegram_avatars/bold_concepts/source/manifest.json;MOKO/99_Технические_материалы/Рабочий_код_и_данные/moko/telegram_avatars/bold_concepts/source/manifest.json;4034;2952b5607d71e2fb79c220ce7f2f64422bc56baf7c054c08ec4f507c070673aa
moko/telegram_avatars/concept02/MOKO_Telegram_Концепт_02.html;MOKO/02_Telegram/90_Архив_аватаров/02_Крупные_символы/MOKO_Telegram_Концепт_02.html;96182;89b404dd8d3bb60f173a06c8bf6841713506dbdb6924ba8511ddcd81e56e5b74
moko/telegram_avatars/concept02/MOKO_Telegram_Концепт_02.jpg;MOKO/02_Telegram/90_Архив_аватаров/02_Крупные_символы/MOKO_Telegram_Концепт_02.jpg;216634;b889414777d6b63047b347867efa3be3ec1df2f3db8a5f4b95d25d92eb216d2a
moko/telegram_avatars/concept02/MOKO_Telegram_Концепт_02.zip;MOKO/02_Telegram/90_Архив_аватаров/02_Крупные_символы/MOKO_Telegram_Концепт_02.zip;495067;9fbd4b37b45b77c011fa723211f53d5a83a2ddd213bd7c1692a5dd4440dd32f8
moko/telegram_avatars/concept02/README.txt;MOKO/02_Telegram/90_Архив_аватаров/02_Крупные_символы/README.txt;1506;b99d988e0ad667d425550aafbb335a172f6f410b0319db1b4f421059622b1357
moko/telegram_avatars/concept02/source/QA.json;MOKO/99_Технические_материалы/Рабочий_код_и_данные/moko/telegram_avatars/concept02/source/QA.json;1288;c1c48c3e2d592c9b42528fd161c11e0da8e96380c68bba4cf92ade31969b4df9
moko/telegram_avatars/concept02/source/manifest.json;MOKO/99_Технические_материалы/Рабочий_код_и_данные/moko/telegram_avatars/concept02/source/manifest.json;1348;025c5965acbd6573cd491257c8efd777b0015d2af43ecafbe0910af81dacc14f
moko/telegram_avatars/concept02/svg/01_news.svg;MOKO/02_Telegram/90_Архив_аватаров/02_Крупные_символы/svg/01_news.svg;2881;9080d3e8d75bd61ff405732dc211147955307879a6bcac005120e1b40ed00c86
moko/telegram_avatars/concept02/svg/02_news_chat.svg;MOKO/02_Telegram/90_Архив_аватаров/02_Крупные_символы/svg/02_news_chat.svg;3035;e0bd031d40d6f10c035e72436f1a8fb3ddcd037a6171a75bbe73203a58fee375
moko/telegram_avatars/concept02/svg/03_moko_systems.svg;MOKO/02_Telegram/90_Архив_аватаров/02_Крупные_символы/svg/03_moko_systems.svg;2841;f61230f65a25faff80261f3ba59ef33e6a7f6e369509cb80a45c6ee7d8adaaf3
moko/telegram_avatars/concept02/svg/04_moko_se_bot.svg;MOKO/02_Telegram/90_Архив_аватаров/02_Крупные_символы/svg/04_moko_se_bot.svg;5630;173f272d246dd06473da7912212ed44597f2a4fbe6ffbe2aa1f1803b686edd73
moko/telegram_avatars/concept02/svg/05_contact_bot.svg;MOKO/02_Telegram/90_Архив_аватаров/02_Крупные_символы/svg/05_contact_bot.svg;2929;990310f06b7e1e665a751d4e843d82870d584569170984a78d4c18741d783833
moko/telegram_avatars/concept02/svg/06_johnny_respect.svg;MOKO/02_Telegram/90_Архив_аватаров/02_Крупные_символы/svg/06_johnny_respect.svg;4802;0caa469d3a972e0519859bee337cfd81983c164ce3b058e65d4a356018c92e77
moko/telegram_avatars/concept03/MOKO_Telegram_Концепт_03.html;MOKO/02_Telegram/90_Архив_аватаров/03_Фирменная_текстура/MOKO_Telegram_Концепт_03.html;131063;8772890429d1f6e36225d36f29d9dfbc9256a19c10b15d6c7c3a202ba3f65317
moko/telegram_avatars/concept03/MOKO_Telegram_Концепт_03.jpg;MOKO/02_Telegram/90_Архив_аватаров/03_Фирменная_текстура/MOKO_Telegram_Концепт_03.jpg;238350;17a42a331227ea0c0418f6429f2bcfe9a67998b50bcbf88d7ea67a5513d5773a
moko/telegram_avatars/concept03/MOKO_Telegram_Концепт_03.zip;MOKO/02_Telegram/90_Архив_аватаров/03_Фирменная_текстура/MOKO_Telegram_Концепт_03.zip;1046907;df4b47a112e80d2ea918a5aa2fbf3ceca132fba02a0fbabf333871d3d21b3c66
moko/telegram_avatars/concept03/README.txt;MOKO/02_Telegram/90_Архив_аватаров/03_Фирменная_текстура/README.txt;2007;eca57ef235f2e0dcaad56232671dfb6a5ffe9cca206af173c5ae244c2097c989
moko/telegram_avatars/concept03/source/QA.json;MOKO/99_Технические_материалы/Рабочий_код_и_данные/moko/telegram_avatars/concept03/source/QA.json;1332;c7a5a722bdfa29121671c208891ed5e060f7fc0b66ecee285cb1fbf58c185465
moko/telegram_avatars/concept03/source/manifest.json;MOKO/99_Технические_материалы/Рабочий_код_и_данные/moko/telegram_avatars/concept03/source/manifest.json;1348;025c5965acbd6573cd491257c8efd777b0015d2af43ecafbe0910af81dacc14f
moko/telegram_avatars/concept03/svg/01_news.svg;MOKO/02_Telegram/90_Архив_аватаров/03_Фирменная_текстура/svg/01_news.svg;4282;ca6732ef83421794967c2510187c24b998f4da97fc2f0aee1ddd3ba430734090
moko/telegram_avatars/concept03/svg/02_news_chat.svg;MOKO/02_Telegram/90_Архив_аватаров/03_Фирменная_текстура/svg/02_news_chat.svg;4436;413524b92b6ca047e478a2727da51d02374e507348d96e06e409c3887cb10658
moko/telegram_avatars/concept03/svg/03_moko_systems.svg;MOKO/02_Telegram/90_Архив_аватаров/03_Фирменная_текстура/svg/03_moko_systems.svg;4242;4b3282ac395222dfe7cdd1bae5e8db7893b42eefe939d1a136093965bafd5ecb
moko/telegram_avatars/concept03/svg/04_moko_se_bot.svg;MOKO/02_Telegram/90_Архив_аватаров/03_Фирменная_текстура/svg/04_moko_se_bot.svg;7031;f62c3a72e7bfc8e90c73190bf68cf204a838a43fd1564a94f980b11da691f191
moko/telegram_avatars/concept03/svg/05_contact_bot.svg;MOKO/02_Telegram/90_Архив_аватаров/03_Фирменная_текстура/svg/05_contact_bot.svg;4330;5813cc2fa8118a7832386a656f33b4be42cfec5a0be8b262ab888fbb256affd7
moko/telegram_avatars/concept03/svg/06_johnny_respect.svg;MOKO/02_Telegram/90_Архив_аватаров/03_Фирменная_текстура/svg/06_johnny_respect.svg;6203;d4826d621729f76b3ce0869f4a83f8a800ac2e3b9bebdac18df026edc7d0cd9b
moko/telegram_avatars/final_graphic/MOKO_Telegram_Финал_В.html;MOKO/02_Telegram/01_Аватары_ФИНАЛ_В/MOKO_Telegram_Финал_В.html;102871;30f135e75fbc25c6eb48ee49655585368e17c43fb4201efa2b1b4421af556dc3
moko/telegram_avatars/final_graphic/MOKO_Telegram_Финал_В.jpg;MOKO/02_Telegram/01_Аватары_ФИНАЛ_В/MOKO_Telegram_Финал_В.jpg;217418;af2ae6fa56135df465722697d265a617e1cfa90ab41bdfd62005ab4a00bad32a
moko/telegram_avatars/final_graphic/MOKO_Telegram_Финал_В.zip;MOKO/02_Telegram/01_Аватары_ФИНАЛ_В/MOKO_Telegram_Финал_В.zip;581958;b424cab86e4596731b88bc067733ea50d1b191996ef5739efe2a11d29c4892a2
moko/telegram_avatars/final_graphic/QA.json;MOKO/99_Технические_материалы/Рабочий_код_и_данные/moko/telegram_avatars/final_graphic/QA.json;2210;869e9712a39a584fffce79f6f176cf3f116df8b1ffc18656e33242126f4a9190
moko/telegram_avatars/final_graphic/README.txt;MOKO/02_Telegram/01_Аватары_ФИНАЛ_В/README.txt;2105;9ccd0878f03e495642ab103b696c1c992e48b055ceae77c55e735421fae15ee4
moko/telegram_avatars/final_graphic/manifest.json;MOKO/99_Технические_материалы/Рабочий_код_и_данные/moko/telegram_avatars/final_graphic/manifest.json;2209;02427476e0b8f3bb11bcb4b3ac5c32552c8dab0b185a98abc20bb7833f7829cb
moko/telegram_avatars/final_graphic/png/01_news.png;MOKO/02_Telegram/01_Аватары_ФИНАЛ_В/png/01_news.png;54986;552a719cd87867fe21485018c82e64b2c1b8dc66de7d2d2d22f3a609e7faa9c6
moko/telegram_avatars/final_graphic/png/02_news_chat.png;MOKO/02_Telegram/01_Аватары_ФИНАЛ_В/png/02_news_chat.png;46262;ea3d2cd16815443a9ab9bd71a80558daf67c7e32b893d8942939d57eeeaf1a8e
moko/telegram_avatars/final_graphic/png/03_moko_systems.png;MOKO/02_Telegram/01_Аватары_ФИНАЛ_В/png/03_moko_systems.png;57171;2081331bd19a6452a9dcb51f7fdeb5a6724041c0da22560a201a2190202ba8a1
moko/telegram_avatars/final_graphic/png/04_moko_se_bot.png;MOKO/02_Telegram/01_Аватары_ФИНАЛ_В/png/04_moko_se_bot.png;52336;51092013428bbc2da59346a1dc1bc4a5f8dd3d3a81064dcfd9e9b0dd2ee81986
moko/telegram_avatars/final_graphic/png/05_contact_bot.png;MOKO/02_Telegram/01_Аватары_ФИНАЛ_В/png/05_contact_bot.png;58812;960e5967bee2692d12116e1478a6541cfd0421c41cbd4938af3252b02f912a91
moko/telegram_avatars/final_graphic/png/06_johnny_respect.png;MOKO/02_Telegram/01_Аватары_ФИНАЛ_В/png/06_johnny_respect.png;45183;80e95d589bb8fd98fb8c90e29879b8156863682549693126ed37086bb61121c3
moko/telegram_avatars/final_graphic/svg/01_news.svg;MOKO/02_Telegram/01_Аватары_ФИНАЛ_В/svg/01_news.svg;4304;929c5d52da251c5ba3bf278e2fb89e2b765df959bc967a5ce3cf9af29efee587
moko/telegram_avatars/final_graphic/svg/02_news_chat.svg;MOKO/02_Telegram/01_Аватары_ФИНАЛ_В/svg/02_news_chat.svg;4430;ab124a79b0623d5011bfdda212465633e43354d4b01a02a156847088b0994ebf
moko/telegram_avatars/final_graphic/svg/03_moko_systems.svg;MOKO/02_Telegram/01_Аватары_ФИНАЛ_В/svg/03_moko_systems.svg;4304;d705fa68cac6a5241e1e8921ce4493381a1bd248b1eb79212ebc5d15679d65bd
moko/telegram_avatars/final_graphic/svg/04_moko_se_bot.svg;MOKO/02_Telegram/01_Аватары_ФИНАЛ_В/svg/04_moko_se_bot.svg;7025;e297dfaa17b0bffa5d30c9cfc6ac1ed756b2cc69084275ec9e11e2e9807bf303
moko/telegram_avatars/final_graphic/svg/05_contact_bot.svg;MOKO/02_Telegram/01_Аватары_ФИНАЛ_В/svg/05_contact_bot.svg;4324;f60e7fcb2b99d95d3dfccbc0d6b7d77286a652bc79521d4883b93e809adb118b
moko/telegram_avatars/final_graphic/svg/06_johnny_respect.svg;MOKO/02_Telegram/01_Аватары_ФИНАЛ_В/svg/06_johnny_respect.svg;6197;319e4d4f32fdbaa5883255c1544c9544655864a795bf58e1722ebd8c9620911f
moko/telegram_avatars/group05/MOKO_Группа_Выбор.html;MOKO/02_Telegram/90_Архив_аватаров/05_Варианты_группы/MOKO_Группа_Выбор.html;86020;dc0553c2537c28762aac7bebf1ab3a91aac0ec349cc7a869f612cef029ea9077
moko/telegram_avatars/group05/MOKO_Группа_Новые_варианты.jpg;MOKO/02_Telegram/90_Архив_аватаров/05_Варианты_группы/MOKO_Группа_Новые_варианты.jpg;177214;9a0b518400d7f43cbf53a3d838d3ddd131bb1c9c26d7b2ab9a4e540d15d0c551
moko/telegram_avatars/group05/source/QA.json;MOKO/99_Технические_материалы/Рабочий_код_и_данные/moko/telegram_avatars/group05/source/QA.json;885;411224b55b64639c9aed643f3e42d935abd1f02f2b460e79d9604063b5add70a
moko/telegram_avatars/group05/source/manifest.json;MOKO/99_Технические_материалы/Рабочий_код_и_данные/moko/telegram_avatars/group05/source/manifest.json;829;dfc8bcd6fc412536157f85f0bb2229a1363ad87038450b9d3d45ba02220259af
moko/telegram_avatars/group05/svg/group_04_symbol.svg;MOKO/02_Telegram/90_Архив_аватаров/05_Варианты_группы/svg/group_04_symbol.svg;4310;ca7b1c23b9ba8b628d946ddf98be4a805373f8cefd1221144807a9f9e6b329f2
moko/telegram_avatars/group05/svg/group_05_wordmark.svg;MOKO/02_Telegram/90_Архив_аватаров/05_Варианты_группы/svg/group_05_wordmark.svg;9710;0a1d68884764ceb8cfb1c7b96045da36ad1914c069ac07c4631cdf68e2a0cbc6
moko/telegram_avatars/group05/svg/group_06_symbol_systems.svg;MOKO/02_Telegram/90_Архив_аватаров/05_Варианты_группы/svg/group_06_symbol_systems.svg;13991;cf8d872b96d733bb8162eee96fd6cc9a35e770631cff50b197814a77e8236796
moko/telegram_avatars/selected/MOKO_Telegram_Все_6_аватаров.html;MOKO/02_Telegram/90_Архив_аватаров/06_Промежуточный_комплект/MOKO_Telegram_Все_6_аватаров.html;131693;b8138b5014d6c09ed04aae34c050d74dcb7566c1776eb9452b6ccbad7f9352bf
moko/telegram_avatars/selected/MOKO_Telegram_Итоговое_превью.jpg;MOKO/02_Telegram/90_Архив_аватаров/06_Промежуточный_комплект/MOKO_Telegram_Итоговое_превью.jpg;222975;7c8522ae6f66a649bae46b207bd977b790aae03f7b0453ee426e9070290e7d0d
moko/telegram_avatars/selected/MOKO_Telegram_Итоговый_комплект.zip;MOKO/02_Telegram/90_Архив_аватаров/06_Промежуточный_комплект/MOKO_Telegram_Итоговый_комплект.zip;1062705;c991147d88e7ae15d2b3b9b9f1d1752b55d619bd4d9426412fa8d987c2476b5b
moko/telegram_avatars/selected/QA.json;MOKO/99_Технические_материалы/Рабочий_код_и_данные/moko/telegram_avatars/selected/QA.json;1678;4e749b395da6dedc0a3823563a41116454ad9accc361f0718b60e4bd4bd59124
moko/telegram_avatars/selected/README.txt;MOKO/02_Telegram/90_Архив_аватаров/06_Промежуточный_комплект/README.txt;2269;4f386a9acb7f1a7b578967d51446f3309585a7db7e066f7723279838d9da0040
moko/telegram_avatars/selected/manifest.json;MOKO/99_Технические_материалы/Рабочий_код_и_данные/moko/telegram_avatars/selected/manifest.json;2209;02427476e0b8f3bb11bcb4b3ac5c32552c8dab0b185a98abc20bb7833f7829cb
moko/telegram_avatars/source/QA.json;MOKO/99_Технические_материалы/Рабочий_код_и_данные/moko/telegram_avatars/source/QA.json;1306;08bd06aa3a5902c35875f1f9fb05e82f46a7bc835ba3ba0627d76f93f6a92fbc
moko/telegram_avatars/source/archived_ab_renders.json;MOKO/99_Технические_материалы/Рабочий_код_и_данные/moko/telegram_avatars/source/archived_ab_renders.json;2322;3a8bb5dd40303b047c3e7ada56b1a3285f55824a6e5cd58e86d6031faa867619
moko/telegram_avatars/source/archived_bc_renders.json;MOKO/99_Технические_материалы/Рабочий_код_и_данные/moko/telegram_avatars/source/archived_bc_renders.json;4515;cfcebd2561302a14887897c465dc273dcd0309f573fe90ebdfdebd4eabd411e3
moko/telegram_avatars/source/archived_raster_locations.json;MOKO/99_Технические_материалы/Рабочий_код_и_данные/moko/telegram_avatars/source/archived_raster_locations.json;4437;02b3865ce54d205b6d38a5a481af0803232437d1799b3ebfe995bab6e1385fd9
moko/telegram_avatars/source/build.py;MOKO/99_Технические_материалы/Рабочий_код_и_данные/moko/telegram_avatars/source/build.py;14259;50b97259ee4aced1a9ec03f227f875e3167181c519078a14dc311871eb365a1d
moko/telegram_avatars/source/build_alternatives04.py;MOKO/99_Технические_материалы/Рабочий_код_и_данные/moko/telegram_avatars/source/build_alternatives04.py;10935;5926a7ad7198f845092694a5cceec3dc29321765f168cf84526a7adc6001e6ae
moko/telegram_avatars/source/build_bc_variants.py;MOKO/99_Технические_материалы/Рабочий_код_и_данные/moko/telegram_avatars/source/build_bc_variants.py;13163;80abc27ea2ffdb515519234af6555ec53d27eccc4fceaad2173841aef091ec8a
moko/telegram_avatars/source/build_bold_concepts.py;MOKO/99_Технические_материалы/Рабочий_код_и_данные/moko/telegram_avatars/source/build_bold_concepts.py;16787;cf94512ef47cb8bb7487ede0aec0aa04f2c5f9c7d37a2c1a0e540cd52ef1c4a3
moko/telegram_avatars/source/build_group05.py;MOKO/99_Технические_материалы/Рабочий_код_и_данные/moko/telegram_avatars/source/build_group05.py;9036;e0967f5accb5cd632915242ee4defcad209d09a5d9408d8cc267f56d269eb7e8
moko/telegram_avatars/source/build_v02.py;MOKO/99_Технические_материалы/Рабочий_код_и_данные/moko/telegram_avatars/source/build_v02.py;12675;1783b5c20f384ee4bf7abd44f5f8e5f173fc8f5b31affd8abcc1528be1f2509d
moko/telegram_avatars/source/build_v03.py;MOKO/99_Технические_материалы/Рабочий_код_и_данные/moko/telegram_avatars/source/build_v03.py;14889;b698dd9e2eeec8f8cd1bf6a825eb0ecccf51f3cf21c23f9e25a193defc3acf2e
moko/telegram_avatars/source/cleanup_rejected_png.json;MOKO/99_Технические_материалы/Рабочий_код_и_данные/moko/telegram_avatars/source/cleanup_rejected_png.json;648;7ff361268446b6e50fb59673c2edbbd0c566b8c9fc83fd546cfbd13452a3cbe0
moko/telegram_avatars/source/direction_status.json;MOKO/99_Технические_материалы/Рабочий_код_и_данные/moko/telegram_avatars/source/direction_status.json;349;60155a560d9018a31776b4867ac62a801066aeaeeffcffff462114f6540c44b7
moko/telegram_avatars/source/finalize_graphic.py;MOKO/99_Технические_материалы/Рабочий_код_и_данные/moko/telegram_avatars/source/finalize_graphic.py;11254;be0328230f8f1e9487841c48cb3fbdc2d7db9afe38cda2add0085725e7b450f8
moko/telegram_avatars/source/manifest.json;MOKO/99_Технические_материалы/Рабочий_код_и_данные/moko/telegram_avatars/source/manifest.json;1407;4199657d6c4752b2ae7a1f1afe812195be2f0514657cf2b35eb4d1c667a30cc5
moko/telegram_avatars/source/package_selected.py;MOKO/99_Технические_материалы/Рабочий_код_и_данные/moko/telegram_avatars/source/package_selected.py;8196;4d60a1c56ea3363fd332fb3d117a609ba85efb51bedcf7d89e515852b4ed8e96
moko/telegram_avatars/source/prepare_v03.py;MOKO/99_Технические_материалы/Рабочий_код_и_данные/moko/telegram_avatars/source/prepare_v03.py;6111;ac2de1e70b1cde4196988c9262e260363fd12b4905477de86524e18cffbbab48
moko/telegram_avatars/source/selection.json;MOKO/99_Технические_материалы/Рабочий_код_и_данные/moko/telegram_avatars/source/selection.json;600;34b6e91b3d2575ddec4ee27981142457144eaae9ded6bef065e61b73df508653
moko/telegram_avatars/svg/01_news.svg;MOKO/02_Telegram/90_Архив_аватаров/01_Первые_аватары/svg/01_news.svg;1587;5734e5e6f6e231eba3b5b15285b5fe79247683026179e52d4c20fa4da9ea8d81
moko/telegram_avatars/svg/02_news_chat.svg;MOKO/02_Telegram/90_Архив_аватаров/01_Первые_аватары/svg/02_news_chat.svg;1620;e1cd9d98992aba4f792551318f919f7b009c350bd4d16100f5ee7ff7f130b4a8
moko/telegram_avatars/svg/03_moko_systems.svg;MOKO/02_Telegram/90_Архив_аватаров/01_Первые_аватары/svg/03_moko_systems.svg;1735;fb237d454e03174bd703102eb0282021c089f3834a7c0e5ca57069fe6c440ea8
moko/telegram_avatars/svg/04_moko_se_bot.svg;MOKO/02_Telegram/90_Архив_аватаров/01_Первые_аватары/svg/04_moko_se_bot.svg;4186;9f617e87f5a64ff646ed645afcbd121b48f7b05f5bbabe25aad34d8f33bb879a
moko/telegram_avatars/svg/05_contact_bot.svg;MOKO/02_Telegram/90_Архив_аватаров/01_Первые_аватары/svg/05_contact_bot.svg;1729;9e6b205194ac0f45b33c90f042bfb3f8ab1aa01edc60441d27b83d79c7bdbfc4
moko/telegram_avatars/svg/06_johnny_respect.svg;MOKO/02_Telegram/90_Архив_аватаров/01_Первые_аватары/svg/06_johnny_respect.svg;3137;d5993c2c10ad8361cbfb9b991dcc5f8db72639bf9934004191a0c0d657ae7176
moko/videos.json;MOKO/99_Технические_материалы/Рабочий_код_и_данные/moko/videos.json;9342;07251812279557f0e41faa17bf20b2ec012ff193b01c8b8cb90605ea2641acb9
uploads/Screenshot_2026-09-09-00-25-01-437_com.google.android.apps.photos.jpg;MOKO/06_Материалы_от_вас/Screenshot_2026-09-09-00-25-01-437_com.google.android.apps.photos.jpg;1106688;cd39781ed27d295b02f58324450a23a5700fb62aadfce1360962bbb1b3121517
